Property_ID,Latitude,Longitude,Property_Price,Property_Size_sqft,Bedrooms,Bathrooms,Property_Type,Transaction_Type,Consumer_Income,Consumer_Age,Purchase_Score,Distance_to_City_km,Region
1,8.843151,76.716588,300086,830,2,4,Apartment,Sale,121027,43,4.22,13.44,South
2,11.662811,79.80582,469136,774,3,2,House,Sale,22507,49,1.36,37.86,North
3,11.858715,76.865492,369916,1578,5,2,House,Rent,95307,67,9.47,45.99,North
4,8.58486,78.902545,328160,3508,3,2,Apartment,Rent,146507,35,2.25,3.87,North
5,11.301724,79.769975,407669,1882,1,2,Apartment,Rent,77576,63,1.1,15.04,West
6,8.082475,77.091004,431850,581,4,4,House,Sale,65720,45,9.06,43.26,West
7,8.235411,76.0881,142472,832,4,2,Villa,Sale,109063,53,4.66,40.57,East
8,9.214189,78.610012,181836,3640,5,2,Apartment,Sale,94875,21,9.51,12.94,East
9,12.691861,77.202139,177773,3097,3,1,Apartment,Rent,46540,47,5.47,5.55,North
10,11.743854,77.68122,93592,998,2,1,House,Sale,34343,39,6.75,45.24,North
11,8.04011,79.579724,336161,2236,5,1,Apartment,Rent,51867,45,1.93,24.61,North
12,9.602035,79.0258,57546,3867,2,3,House,Rent,147046,61,6.84,15.36,North
13,9.15304,78.472806,306203,755,4,4,Villa,Sale,40410,47,6.26,20.07,South
14,9.524051,78.465477,56392,1207,5,3,Apartment,Rent,57108,62,8.6,16.76,North
15,8.255949,79.855116,78132,2672,1,4,Apartment,Rent,86956,60,5.03,41.83,East
16,8.628417,79.975732,302789,1809,5,1,Villa,Sale,147233,55,3.88,2.24,North
17,11.075371,76.835371,397144,3266,2,2,Villa,Sale,77191,34,7.9,9.42,South
18,9.904868,77.35058,276626,1131,1,2,Villa,Rent,42081,53,6.89,30.2,South
19,11.061513,77.873316,433222,2220,3,2,Apartment,Sale,42668,38,7.33,10.55,West
20,11.243665,76.410376,269110,875,1,2,Apartment,Rent,128896,65,9.66,23.94,North
21,8.688552,78.188787,244877,3341,3,4,Apartment,Rent,46866,38,7.19,35.71,North
22,9.98296,79.447392,149876,1206,3,1,Villa,Sale,120099,25,9.77,35.66,East
23,12.536417,77.597963,383279,841,2,1,House,Rent,45518,57,7.78,39.74,East
24,12.126984,78.812931,492477,2359,3,4,House,Rent,58580,62,2.69,26.52,West
25,8.415384,79.987506,492328,3121,2,2,Villa,Rent,52560,47,5.59,14.92,West
26,11.982085,77.411317,442215,1385,3,2,Villa,Rent,91154,62,3.94,44.19,North
27,11.968041,78.664214,230711,1722,1,2,Apartment,Sale,47007,26,5.58,11.61,North
28,10.086985,76.679966,278370,1413,5,3,House,Rent,67648,21,6.3,8.07,East
29,8.299024,78.511124,401516,2587,1,2,House,Rent,55548,60,7.64,16.9,South
30,12.422152,77.07365,393022,779,2,3,Villa,Sale,71177,43,6.23,28.97,West
31,8.648145,79.005613,98251,1820,5,4,Villa,Sale,67994,53,4.68,3.7,South
32,11.573998,79.786137,62802,2067,3,3,Villa,Sale,37805,24,9.19,31.19,North
33,10.305157,76.498146,175579,2369,1,2,Villa,Sale,142069,47,6.41,37.56,North
34,12.642541,77.096672,122478,3714,3,1,Villa,Sale,37475,52,3.43,27.88,North
35,11.238951,79.96805,382037,1081,1,1,Villa,Sale,118594,69,4.98,47.46,East
36,8.448131,78.130015,358832,916,2,4,House,Sale,81348,36,9.12,32.85,West
37,10.42624,78.754921,134846,563,5,3,Villa,Rent,149121,42,3.01,26.46,North
38,11.068803,78.145685,321305,1633,1,4,Villa,Rent,72980,52,3.27,48.21,East
39,12.00091,78.26687,256053,3604,5,3,Apartment,Rent,41739,64,3.23,40.62,West
40,11.17512,77.631227,395810,1053,5,1,House,Sale,147237,44,2.26,40.45,South
41,9.524611,76.158615,435611,1470,2,4,Apartment,Rent,135100,49,4.83,27.26,North
42,9.579939,78.267249,401065,1696,5,3,Villa,Rent,129829,47,2.13,28.05,East
43,8.612091,76.521709,117183,3255,3,4,House,Sale,24507,22,3.35,21.98,North
44,12.510712,79.968019,328477,3511,4,2,House,Sale,58417,67,5.12,4.8,South
45,9.183095,76.530538,275148,2289,2,2,Villa,Rent,23588,50,1.78,22.55,East
46,8.539137,76.479293,84881,2187,1,2,Villa,Rent,99654,38,5.89,19.14,North
47,11.400002,76.208266,475630,2648,3,4,Villa,Rent,23560,42,8.04,36.83,West
48,12.720845,79.736971,73266,1332,5,2,House,Rent,44227,38,7.81,44.12,South
49,11.648467,76.585272,212151,2808,3,2,Apartment,Rent,112907,64,9.66,24.11,North
50,12.089763,77.549675,88496,3797,4,4,House,Sale,131641,69,8.6,16.19,North
51,12.168373,77.877098,361025,3170,2,2,Apartment,Rent,115976,69,8.28,9.68,North
52,10.01482,77.787259,322194,3389,2,3,Villa,Rent,143670,25,9.32,25.57,East
53,12.621465,79.508153,368257,1170,1,1,House,Rent,36736,57,7.78,17.93,South
54,10.677126,79.041711,100883,3149,1,2,Villa,Rent,34894,35,2.92,13.17,North
55,9.764291,78.536685,94451,1724,4,1,Villa,Rent,50001,68,5.84,36.74,North
56,9.443569,76.356333,109293,756,1,4,Villa,Rent,135200,52,4.99,30.19,West
57,10.892444,76.48124,443769,3547,5,3,Villa,Sale,119733,43,8.98,3.64,South
58,12.298363,77.573214,64698,1519,2,1,House,Rent,149062,63,7.65,1.75,North
59,10.907441,78.704118,321071,1289,1,1,House,Rent,90256,28,6.19,39.68,West
60,10.557189,78.274272,59267,860,1,4,House,Rent,94237,35,8.62,43.83,West
61,10.141204,76.539538,61537,3803,3,1,Villa,Sale,30123,40,9.03,3.01,West
62,11.924102,79.495845,412862,3444,5,3,House,Sale,102297,32,3.91,7.84,West
63,9.103332,76.99706,202947,3646,2,1,Villa,Rent,117200,47,6.59,39.68,North
64,10.579326,79.955885,208013,2117,1,1,House,Sale,24788,28,6.63,10.44,East
65,9.264272,77.634257,135795,2359,5,1,Villa,Sale,27423,56,9.18,37.81,West
66,8.383629,78.800407,126887,2005,1,1,Villa,Rent,71804,37,5.15,43.78,North
67,10.922523,77.731847,168100,2640,3,1,House,Sale,49300,44,2.68,28.67,North
68,10.87679,78.167755,210338,2467,5,1,Apartment,Sale,21075,28,9.95,1.36,West
69,8.137166,76.294476,379167,2132,4,4,Villa,Sale,36151,58,1.09,33.53,West
70,8.588034,76.694749,495259,651,1,1,House,Rent,89292,46,1.25,27.71,West
71,10.668771,77.339015,51008,1938,3,4,Villa,Rent,129518,63,3.7,35.6,South
72,10.010851,78.298394,138560,2883,2,3,Apartment,Sale,62944,38,1.42,18.18,West
73,9.805517,79.721903,64282,3818,2,4,House,Rent,33386,21,5.32,7.82,West
74,12.232249,79.427698,188235,1443,4,2,House,Sale,73139,62,4.61,13.74,South
75,10.202113,76.50863,261268,2292,5,4,House,Rent,93377,34,9.03,46.12,North
76,8.417291,76.061996,477071,2972,4,4,Apartment,Sale,126371,32,1.67,17.83,East
77,11.369628,78.263125,407744,1354,5,1,House,Sale,38310,54,1.88,29.62,North
78,12.918144,79.441457,239501,2767,5,4,Villa,Rent,38786,30,9.41,24.92,East
79,10.563533,76.806261,447612,2029,3,2,Apartment,Rent,46814,34,6.74,36.62,East
80,10.105154,76.051028,64816,3279,3,2,Apartment,Rent,127949,21,3.56,13.0,East
81,11.756141,79.130321,476311,3110,1,3,Apartment,Rent,118125,32,7.09,11.23,West
82,8.452854,76.410044,233461,3512,2,4,Villa,Sale,88973,23,3.82,32.07,East
83,8.909262,76.630025,351012,3044,1,4,Apartment,Sale,64618,67,4.29,43.16,West
84,12.088371,76.851414,357598,2830,3,1,Villa,Rent,51403,57,5.37,47.34,South
85,10.922344,76.721867,192050,2599,2,3,House,Rent,70551,58,8.06,13.02,South
86,10.506905,79.998078,161735,2623,2,1,Villa,Sale,87260,69,9.93,37.5,West
87,12.800923,76.228594,295191,3283,4,1,Apartment,Sale,85056,39,7.18,40.91,West
88,10.054254,78.608802,107704,3998,2,1,Apartment,Rent,22033,42,6.93,3.79,West
89,11.116623,76.925862,499403,2507,5,3,Apartment,Rent,43060,43,4.15,49.2,West
90,12.167572,76.786092,255848,1343,3,4,Apartment,Sale,134224,26,8.53,32.8,South
91,8.117672,78.373547,257738,1686,5,3,Apartment,Rent,58820,35,8.16,29.55,North
92,11.875091,78.145786,265814,3935,1,1,House,Rent,104743,23,4.23,11.46,East
93,9.226232,79.818552,196162,532,2,4,Villa,Rent,34919,66,9.28,21.2,North
94,12.433025,77.302039,378474,3028,4,1,Villa,Sale,44792,67,3.92,4.75,North
95,11.70275,76.317754,442069,1076,4,3,Villa,Rent,110365,57,9.65,44.14,North
96,8.215047,79.268977,210257,2584,1,3,Villa,Sale,68211,48,6.0,24.1,North
97,10.003008,79.356458,141436,2693,4,1,Villa,Rent,50681,27,1.99,3.72,East
98,9.617163,76.204796,207849,2175,4,1,House,Sale,82920,62,7.26,43.97,South
99,9.544624,79.681626,306139,1576,5,3,Apartment,Rent,47002,30,6.94,21.76,North
100,12.23982,77.975574,130470,3367,3,4,House,Sale,133783,38,4.58,20.92,South
101,10.202397,78.468833,330394,2316,2,1,House,Rent,50333,59,4.41,3.14,South
102,11.080631,76.029397,499788,1483,1,2,Villa,Rent,97005,44,8.76,40.62,West
103,8.221751,76.075403,419674,2773,1,4,Villa,Sale,144177,41,4.45,47.0,East
104,9.840562,79.306594,473269,2289,3,3,House,Sale,89383,48,2.37,22.34,North
105,12.073466,79.389031,283277,2088,4,4,House,Rent,94340,40,8.33,16.22,West
106,11.87212,76.06338,467114,2094,3,1,House,Sale,46516,39,3.3,2.76,East
107,10.782702,79.904322,498616,1502,1,4,Apartment,Rent,31799,24,3.28,26.12,South
108,12.302537,77.323452,297409,1332,5,1,Villa,Rent,96890,36,6.7,20.64,East
109,12.766026,79.82346,491165,2543,1,3,House,Rent,62331,58,4.54,29.95,West
110,10.671136,76.652395,481585,2217,5,3,House,Rent,92111,55,4.86,32.51,South
111,10.476586,79.626778,371946,3932,4,4,Apartment,Sale,41700,23,9.66,26.9,South
112,10.57383,76.919055,249135,1161,1,2,House,Sale,67815,34,5.96,26.8,South
113,10.567375,79.586571,398805,2964,1,2,Villa,Sale,117465,52,4.16,28.87,West
114,8.60102,79.142404,271344,2028,5,3,Apartment,Rent,71944,33,1.5,5.97,South
115,12.155249,76.835479,320519,1071,3,1,Villa,Sale,125660,46,8.4,6.89,West
116,11.370542,77.446781,240739,3175,3,3,House,Sale,107900,26,1.8,1.41,East
117,11.716944,78.199625,349950,3589,3,1,Apartment,Rent,82073,58,6.39,12.55,South
118,9.796053,76.84903,218921,2609,4,4,Villa,Sale,144302,50,2.75,15.68,West
119,9.353198,76.96431,263389,641,5,4,Villa,Rent,146069,21,2.14,1.56,South
120,9.253953,79.659013,201740,531,1,4,Apartment,Rent,125041,56,7.86,23.35,East
121,10.715794,79.356404,104882,3904,2,1,Villa,Sale,93078,27,9.82,3.59,East
122,9.408572,78.774682,70040,1824,1,2,House,Sale,27523,35,8.4,10.17,South
123,9.091153,77.667624,104278,3830,5,1,Apartment,Rent,55472,26,6.1,45.18,North
124,8.208928,76.823251,486946,610,3,3,Villa,Sale,139859,36,4.66,11.88,North
125,11.255702,78.087152,406228,2582,1,4,Apartment,Sale,135307,42,9.31,48.24,West
126,8.637723,77.954416,265387,3549,1,2,Villa,Rent,83010,22,9.53,7.6,North
127,11.709857,76.786262,328024,2639,2,2,Apartment,Rent,33135,38,4.36,37.1,South
128,9.389982,78.77151,198233,2085,2,1,House,Rent,70425,21,2.72,11.19,East
129,8.492925,79.576209,279631,1499,5,4,House,Sale,85949,50,9.33,34.06,East
130,8.795518,78.649944,67114,1844,1,1,Apartment,Sale,114848,46,6.12,31.27,West
131,8.901647,79.965064,462138,918,3,4,House,Rent,130106,68,8.48,41.12,West
132,10.843261,77.785527,407438,3048,4,2,House,Rent,64810,56,5.74,4.95,West
133,8.276184,78.282475,218291,3910,3,2,Villa,Sale,103094,24,6.29,7.57,South
134,10.917653,76.937217,374784,683,4,3,House,Sale,133715,62,5.15,15.04,West
135,10.287118,76.661409,273340,3036,5,3,House,Sale,125842,68,2.02,13.77,West
136,10.993658,76.988543,466076,3432,4,4,Villa,Rent,72271,69,5.12,37.12,North
137,10.055263,79.822774,447298,1633,4,3,Apartment,Rent,103441,35,6.94,28.2,East
138,10.27709,77.029739,201185,3383,5,4,Villa,Sale,72412,24,6.03,19.35,South
139,11.160049,79.814156,177970,1674,2,3,House,Sale,24873,58,5.99,17.89,South
140,10.394968,77.805694,396567,1475,2,2,Apartment,Sale,84093,34,5.47,29.7,South
141,10.828168,77.181464,332509,2952,2,3,Apartment,Sale,104810,70,5.81,46.08,South
142,12.167921,77.573504,69524,1410,5,2,Apartment,Sale,134672,44,6.24,43.63,South
143,10.344203,78.742461,360471,2394,1,3,Villa,Sale,141452,62,2.78,11.2,South
144,9.554637,77.675613,86515,1594,3,4,Villa,Sale,40004,43,4.14,11.5,East
145,8.870739,76.807767,178853,2835,4,4,Villa,Rent,114250,56,5.3,29.38,East
146,8.719754,76.696805,354801,3001,2,3,House,Rent,24952,39,4.07,30.93,South
147,8.280033,76.811625,215186,2143,2,1,Villa,Rent,147426,29,5.51,21.47,South
148,10.22483,78.002062,465058,891,5,3,Apartment,Rent,54876,62,1.59,10.41,South
149,8.313162,79.681046,221444,3850,3,4,House,Sale,29536,41,9.5,3.35,North
150,10.929066,76.202972,124925,2660,2,2,House,Rent,64821,68,7.52,2.31,North
151,12.201732,79.336117,80495,3854,4,4,House,Sale,52296,35,5.4,9.6,East
152,11.837147,78.081911,129730,1571,4,3,Apartment,Rent,115444,55,6.19,5.7,East
153,11.935472,77.697422,111304,2045,4,2,Villa,Sale,90029,67,7.73,8.7,East
154,9.124083,79.847949,320939,3357,4,3,House,Sale,114712,38,8.0,47.27,East
155,12.951933,78.595181,297441,3713,1,3,Apartment,Sale,23365,29,8.24,19.34,East
156,10.175018,76.151908,171333,740,1,2,Apartment,Rent,48074,35,3.38,32.58,South
157,11.455981,77.306678,161282,803,3,1,Apartment,Sale,142464,26,4.45,26.01,North
158,8.867558,79.070641,104065,1681,5,3,Villa,Rent,117730,57,7.52,37.84,West
159,10.437527,79.058563,80579,1250,1,1,Apartment,Sale,144529,70,9.96,5.73,North
160,12.105254,76.84033,444648,1230,5,2,Apartment,Rent,52014,28,2.81,28.82,South
161,8.009891,77.757772,343363,571,4,2,Villa,Rent,111326,58,1.82,16.4,West
162,11.266869,78.775891,182459,1874,2,4,House,Sale,32075,47,7.75,24.01,East
163,9.174396,76.12265,499939,1862,1,3,House,Sale,61124,69,1.6,10.44,West
164,9.603279,79.434422,176314,2248,2,4,Apartment,Sale,111895,44,9.85,13.16,East
165,12.348356,78.16888,400286,3331,2,3,Villa,Sale,40750,36,5.8,48.21,North
166,11.330863,79.45017,359774,815,4,2,Villa,Rent,42477,58,7.72,10.19,West
167,11.163672,76.332245,235728,744,4,1,Apartment,Rent,113842,34,8.36,15.52,South
168,10.135994,79.082249,316858,709,5,1,Villa,Rent,24796,41,3.14,4.66,East
169,10.955417,77.157738,304489,3408,4,1,Villa,Rent,48763,25,1.57,13.37,West
170,11.986658,78.5451,301625,3531,2,3,House,Rent,76581,52,1.75,11.63,West
171,8.374293,77.33696,461075,3158,3,1,Apartment,Rent,100763,58,6.35,44.89,East
172,10.76972,78.217731,353856,1646,4,3,Villa,Sale,36230,44,5.88,4.91,North
173,10.762216,79.270082,269726,3875,3,1,Apartment,Rent,44041,43,9.4,2.28,South
174,9.969768,77.352768,206557,1322,4,3,Villa,Rent,106607,32,7.83,9.81,North
175,9.725005,76.086417,171936,539,4,3,House,Rent,98777,53,1.18,29.11,East
176,12.349213,76.84259,271547,2973,2,1,House,Rent,134112,29,7.61,24.56,East
177,8.837276,76.510134,139214,2600,4,3,Apartment,Rent,72236,25,6.33,24.82,West
178,8.198726,79.460214,352924,2175,5,4,House,Sale,38494,44,1.28,39.37,North
179,9.32267,79.96635,101351,1121,5,2,Villa,Sale,101387,46,3.22,46.76,West
180,8.769639,77.585319,190428,1128,3,4,Villa,Rent,33196,53,9.98,9.53,West
181,9.523688,79.897723,370403,1274,3,1,Apartment,Sale,121120,51,1.75,4.08,South
182,8.9419,79.782042,369390,1053,2,3,House,Sale,59262,68,6.61,14.5,East
183,11.102311,78.132021,296461,1554,1,4,House,Rent,33288,46,3.26,27.02,East
184,9.106483,76.291672,64796,2344,2,3,Villa,Rent,148504,55,4.43,12.42,South
185,11.140147,79.175344,91400,647,3,1,Apartment,Rent,145247,61,4.33,17.91,West
186,9.438911,79.139279,394024,1307,3,4,Apartment,Rent,58242,24,1.9,20.12,East
187,11.311209,78.227282,265767,880,1,4,Apartment,Rent,63357,37,3.05,40.04,East
188,11.990319,77.234777,71374,2915,1,1,Villa,Sale,130154,53,3.91,20.61,North
189,12.024048,78.677784,274302,1380,3,2,Apartment,Rent,77812,66,2.06,47.95,South
190,9.067319,78.272527,384135,2606,2,1,Villa,Rent,31164,68,6.78,6.08,East
191,8.116595,77.252138,459425,1499,3,4,Apartment,Sale,30010,34,7.0,49.83,North
192,12.277477,78.859622,347668,2137,5,2,House,Sale,72330,30,8.54,19.98,East
193,11.694223,77.195715,124947,609,5,2,House,Rent,46643,43,7.81,36.6,North
194,9.937946,76.331234,388547,561,4,2,House,Rent,44942,60,8.65,4.11,North
195,11.487874,78.304497,442544,1399,4,1,House,Rent,128863,69,2.69,40.94,West
196,10.863034,76.840334,145867,3777,1,4,Apartment,Rent,92676,42,4.93,9.88,West
197,8.860597,78.015461,197227,2626,4,4,Villa,Rent,88704,27,7.77,43.03,North
198,11.469495,77.374528,188857,607,4,4,Apartment,Rent,32582,45,5.65,37.22,North
199,9.91456,76.045063,495231,3824,2,4,House,Sale,38443,67,7.41,16.47,West
200,11.016254,76.233976,73347,2984,4,1,Villa,Sale,39438,46,8.91,43.45,West
201,11.459361,77.356804,122559,3781,2,3,Villa,Rent,149970,62,3.51,44.34,North
202,9.961315,77.031529,312691,934,5,3,Villa,Rent,63431,28,1.97,4.1,South
203,10.836257,77.22641,417077,3485,4,3,Villa,Sale,93496,69,4.58,40.43,West
204,11.822758,78.542988,330781,3099,1,2,House,Rent,33569,51,7.3,18.09,South
205,11.249231,76.443639,145021,3030,4,4,House,Rent,73675,22,6.4,11.7,East
206,9.65714,79.388882,67311,2513,2,3,Villa,Sale,100539,61,9.51,33.13,South
207,11.752336,77.333232,107933,1745,5,3,House,Rent,114851,44,5.45,2.41,West
208,10.261483,77.283262,297512,1601,2,3,Apartment,Sale,102109,39,6.59,26.45,North
209,11.698999,78.93168,434301,538,1,4,Villa,Sale,139702,31,5.05,48.92,South
210,8.085231,77.747633,159663,1622,1,1,Apartment,Rent,149889,24,7.84,8.99,West
211,11.635075,78.576066,128464,782,3,3,House,Rent,22029,60,9.03,37.45,East
212,11.077811,77.403793,483815,1199,1,2,Villa,Rent,111263,53,7.97,14.07,East
213,9.331745,79.336482,412118,2311,1,2,House,Sale,114278,32,3.75,18.68,East
214,9.305589,77.020517,272324,3285,1,1,Apartment,Rent,85757,67,6.11,8.55,North
215,9.261616,78.62847,212630,3506,2,4,Villa,Rent,79205,42,7.95,16.25,East
216,11.065391,76.547878,58188,616,4,2,House,Sale,126679,61,3.36,31.24,North
217,8.128375,77.339046,138909,902,5,2,Apartment,Rent,129347,24,6.44,6.24,West
218,9.229537,76.05032,203429,3479,4,1,Villa,Sale,75184,49,5.33,36.48,South
219,9.162965,79.026759,336776,2969,1,2,House,Rent,100362,49,8.15,37.9,East
220,8.158437,78.859871,70278,1599,3,4,Apartment,Sale,109132,69,6.29,29.35,East
221,10.530541,78.02684,64782,995,4,1,House,Sale,31046,29,2.37,35.8,West
222,12.132251,76.197394,369202,1685,3,1,Villa,Sale,108859,69,2.12,30.86,East
223,8.235494,77.580319,323782,1011,3,3,House,Sale,80281,57,4.31,17.15,West
224,8.774178,79.783881,204204,2475,2,2,House,Sale,51843,35,1.85,4.99,East
225,11.983086,78.94374,77578,3031,2,2,Apartment,Rent,27157,62,4.31,27.82,North
226,11.16731,76.213456,375362,2910,3,4,Apartment,Sale,83352,38,1.67,9.99,South
227,9.933058,77.95685,137566,1037,1,1,Apartment,Rent,97095,36,2.24,21.85,South
228,8.123737,76.596245,312451,2666,5,3,Apartment,Rent,78312,21,7.18,42.44,West
229,9.804008,77.696949,435668,1417,5,4,House,Rent,103118,21,5.5,40.3,South
230,12.644852,78.964995,454818,648,1,4,House,Sale,81570,51,8.24,37.73,West
231,8.159778,78.070584,309545,1191,5,2,House,Rent,83580,55,1.59,43.33,North
232,12.501319,77.212578,210064,645,4,4,House,Rent,36073,48,5.35,17.85,North
233,10.334651,78.261198,258655,742,1,1,House,Sale,20194,42,5.46,13.93,East
234,9.129256,77.247735,412070,3434,2,2,Villa,Sale,67178,61,9.04,4.47,South
235,9.996373,78.719678,301701,3438,2,2,Apartment,Sale,63227,25,6.78,43.51,North
236,12.725088,78.313453,338409,1871,1,4,Villa,Rent,143525,69,6.87,36.04,South
237,9.069048,79.986996,323985,2442,1,2,House,Rent,140326,49,3.11,8.44,East
238,9.08829,79.722877,206958,2346,3,4,House,Rent,29454,49,6.39,8.22,South
239,10.149907,79.773637,423552,1284,2,3,Villa,Sale,79880,22,5.54,3.74,South
240,9.944622,76.506096,97074,3248,2,3,House,Sale,42006,40,8.82,48.4,West
241,10.070262,76.220333,346591,2616,4,4,Apartment,Rent,137198,59,4.81,49.17,West
242,12.087716,76.69476,178118,1683,5,3,Villa,Rent,96470,34,7.62,17.77,West
243,10.723125,76.321536,273279,2569,3,1,Apartment,Rent,110812,52,5.25,7.78,East
244,9.531424,78.534468,427362,578,3,1,Apartment,Sale,36157,33,6.99,19.03,West
245,12.066718,79.653152,124987,2301,5,1,Apartment,Sale,57012,43,6.26,9.29,West
246,11.164447,78.831266,113038,3188,4,4,House,Sale,84402,56,4.95,46.48,West
247,10.923235,77.775695,225575,1354,2,3,House,Rent,124065,53,6.52,47.88,East
248,12.653077,77.089446,55128,1108,4,1,House,Rent,68037,44,5.8,5.1,East
249,12.590711,79.86869,493417,3360,2,1,Apartment,Rent,123158,69,9.84,9.15,West
250,10.298563,76.073034,245892,2918,2,1,Apartment,Rent,88447,28,5.97,17.89,North
251,10.343429,78.661643,318419,3063,1,1,Apartment,Sale,86416,64,6.22,13.67,West
252,8.678795,76.733338,376561,2418,3,1,Villa,Rent,42094,41,3.43,29.6,South
253,8.04424,77.138988,159237,2155,2,2,Apartment,Sale,69982,68,5.28,21.1,North
254,10.834639,78.637857,129364,3621,4,1,Apartment,Sale,115293,30,3.19,29.55,South
255,12.059019,78.558955,228504,2115,2,4,House,Sale,66683,63,9.88,14.89,East
256,12.843978,76.052093,410413,3831,4,4,Apartment,Sale,93798,52,9.7,30.34,South
257,12.996387,78.404633,450201,1885,1,1,Villa,Rent,66033,22,7.28,35.39,West
258,8.57615,79.29671,394792,3722,2,2,Villa,Rent,110482,68,7.55,21.69,West
259,8.208292,76.563795,383471,1476,4,2,Villa,Rent,22300,29,1.59,4.35,East
260,11.937797,77.178669,413573,855,1,4,Villa,Rent,80447,52,6.67,20.39,West
261,8.918744,78.853641,332902,1020,1,2,Villa,Sale,119050,40,2.97,34.98,West
262,11.691206,76.833547,496541,2167,3,4,Villa,Sale,25150,24,7.01,22.06,West
263,9.591918,77.387011,319484,3379,1,4,House,Sale,29911,60,5.88,24.09,North
264,8.888822,79.337567,469895,3080,1,2,Villa,Rent,122467,42,1.3,19.34,North
265,9.100438,78.409813,411845,3665,1,1,House,Sale,127629,62,1.99,31.5,North
266,11.252684,78.769381,151703,3486,1,4,Villa,Sale,26856,37,7.3,9.1,North
267,8.089337,79.362809,272849,3703,3,2,Villa,Sale,91355,36,9.55,25.99,West
268,12.681825,77.545705,106366,3130,3,4,Villa,Sale,142941,43,1.39,10.22,South
269,8.341508,79.182754,458061,2518,2,4,Villa,Sale,35228,22,6.03,9.47,West
270,10.017847,76.038485,377207,3810,3,1,House,Rent,83669,26,6.04,9.54,West
271,9.100158,79.040065,419814,3580,4,4,Villa,Sale,54968,48,5.36,39.49,South
272,11.925479,78.525301,377618,2178,4,2,House,Sale,52866,32,5.46,15.64,South
273,8.421714,76.918858,366052,3714,3,2,Villa,Rent,121577,47,3.2,15.23,North
274,10.466359,79.92339,332223,2031,3,4,House,Rent,55598,60,6.27,22.79,West
275,11.540598,76.602077,398522,2855,1,2,House,Sale,96967,41,2.65,46.2,West
276,12.717944,78.733274,418888,2894,3,4,Apartment,Rent,129500,28,2.53,38.2,West
277,11.177205,78.050361,201292,1721,2,4,Villa,Sale,118407,28,1.83,47.94,West
278,10.692126,77.269943,142821,3886,1,3,House,Sale,76552,60,4.47,18.09,West
279,10.834363,79.91463,128367,1671,4,1,House,Rent,107560,61,4.9,29.32,East
280,9.905323,78.207093,56373,2047,3,3,House,Sale,138460,69,8.16,28.26,East
281,11.668744,77.953028,263446,2618,1,4,Villa,Rent,131648,27,8.97,7.15,South
282,8.473144,77.353788,337005,852,4,3,Villa,Sale,81598,64,9.21,25.5,South
283,12.586243,77.033132,283226,1437,2,1,Villa,Rent,124600,25,9.49,2.08,West
284,10.670194,77.472738,137199,918,4,3,House,Rent,89437,27,9.57,19.05,South
285,12.357039,77.502817,431313,2897,5,2,Apartment,Sale,125424,28,2.83,20.5,North
286,10.012255,79.046974,473539,3914,1,4,House,Sale,97287,69,1.92,49.29,East
287,9.949511,77.274754,111899,2923,2,2,House,Sale,81150,36,5.82,18.12,North
288,12.887254,77.549736,75892,1928,4,2,Villa,Sale,55278,22,7.6,39.89,South
289,10.776128,79.140504,401385,2084,4,4,Apartment,Rent,55913,70,6.23,23.73,South
290,9.242749,76.514513,456419,992,3,4,House,Rent,29437,57,7.06,18.78,North
291,9.847686,76.25121,410266,505,3,4,Villa,Sale,70435,53,6.97,14.88,South
292,8.680873,76.458145,429873,3061,2,4,Apartment,Rent,46435,45,6.73,25.82,East
293,12.945908,76.539583,274796,3788,1,4,Villa,Rent,139325,70,6.48,1.37,North
294,12.955981,79.016056,442949,3719,2,3,Apartment,Rent,90113,35,5.21,11.92,West
295,12.360716,77.655595,278779,2951,1,4,Villa,Rent,125536,42,5.25,8.22,West
296,9.145298,77.649801,470120,1788,1,3,Villa,Sale,114722,61,7.07,16.71,West
297,12.205519,78.267108,372647,2568,2,2,Villa,Rent,65594,53,7.13,14.07,South
298,12.929628,78.308195,117217,2637,1,2,Apartment,Sale,108041,43,1.68,3.92,East
299,9.156788,78.316993,461303,807,3,4,Apartment,Rent,141128,43,8.26,22.15,East
300,11.033085,78.637077,255152,3462,2,2,Apartment,Rent,53502,27,5.27,40.89,North
301,9.163289,78.994326,397071,2046,5,2,Apartment,Rent,40887,28,5.93,18.34,South
302,9.999771,78.094248,271930,733,2,1,Villa,Sale,52496,40,6.5,48.03,West
303,10.797443,78.045217,109773,2408,1,3,House,Sale,95384,68,6.82,18.27,South
304,9.913838,76.37271,388728,3167,3,4,Villa,Sale,108461,33,3.13,7.65,West
305,9.565473,77.158708,192396,2394,3,1,Villa,Rent,147457,36,8.3,30.13,South
306,12.485675,77.696278,460494,3895,2,3,House,Rent,129470,38,8.52,14.16,North
307,12.441301,76.972682,349328,1497,5,4,Apartment,Sale,98617,24,2.18,40.63,North
308,10.761423,76.682627,286683,2951,1,3,Villa,Rent,53975,41,4.0,28.32,South
309,9.61895,76.984697,440483,1962,2,1,Villa,Sale,99457,46,7.12,33.75,North
310,12.604335,78.672496,383602,1903,5,4,Villa,Rent,82436,63,9.96,25.1,West
311,11.57587,78.820177,425538,1190,1,1,House,Rent,132597,58,9.67,45.85,East
312,9.410094,78.057368,467051,1121,4,1,Villa,Sale,69915,70,1.47,32.53,South
313,8.278482,77.920988,274401,680,3,2,House,Rent,106610,70,4.27,21.47,South
314,10.829216,78.930714,249105,1984,2,1,Apartment,Sale,87714,67,7.73,33.62,North
315,11.116151,79.183532,109426,710,4,2,Villa,Rent,37182,46,4.4,31.19,South
316,9.488336,76.300765,129309,1390,3,1,House,Rent,127948,63,5.07,35.54,North
317,12.16633,79.042951,261685,799,1,2,Villa,Sale,36278,67,8.99,15.32,West
318,10.364105,79.851744,455337,3864,4,3,Apartment,Rent,145245,38,6.64,43.11,South
319,11.083412,77.315325,286434,2443,3,4,Apartment,Rent,106796,69,8.68,4.66,North
320,12.793097,77.138513,334158,3458,1,2,Apartment,Rent,141089,28,6.15,28.47,South
321,11.005407,79.612807,275670,3031,5,3,Apartment,Sale,133351,59,3.22,35.8,South
322,9.724336,78.764037,296887,1266,1,4,Apartment,Sale,43821,50,3.46,4.1,South
323,8.062177,79.23896,82579,920,1,1,Apartment,Sale,37852,44,2.5,42.53,West
324,10.771934,79.224103,312278,1156,4,3,Villa,Rent,148076,53,1.33,49.97,West
325,11.301666,78.961776,358912,2484,2,2,House,Rent,35756,22,5.3,29.43,South
326,10.309572,76.177925,92994,2689,4,4,Apartment,Sale,124473,30,1.85,14.75,West
327,12.452917,77.129096,150230,1263,2,2,Villa,Sale,81128,43,8.81,37.35,West
328,8.795125,79.163127,185283,1291,4,3,House,Sale,128888,63,8.66,30.45,South
329,9.325988,79.147631,109733,3738,2,2,Villa,Sale,136396,52,6.22,27.1,North
330,9.797284,77.777995,82391,2680,1,1,House,Sale,91039,33,6.4,1.59,North
331,9.067769,76.682004,201357,1429,1,2,House,Rent,90224,31,2.08,42.16,West
332,11.825263,77.66478,447774,2253,3,2,House,Rent,29455,35,7.2,8.66,North
333,10.446647,79.03071,302443,3990,2,3,Villa,Sale,56197,21,4.56,30.45,South
334,8.456234,78.137345,472524,921,1,2,Villa,Rent,114790,49,6.39,28.45,South
335,10.187539,76.716036,186058,966,2,1,Apartment,Sale,92468,53,1.54,28.05,North
336,8.179017,77.854787,339028,3469,4,3,House,Sale,126358,39,3.44,20.26,East
337,9.642645,76.449768,197681,3515,1,1,Apartment,Sale,28052,58,3.87,44.67,North
338,9.539784,79.92959,418991,3082,1,3,Villa,Sale,137018,24,2.25,15.09,North
339,9.003108,76.961849,305567,2316,4,3,House,Sale,101943,64,3.77,22.15,South
340,9.854381,79.846187,268696,1741,4,4,Apartment,Sale,22820,34,6.52,6.7,East
341,9.11781,79.492492,498744,3670,2,2,Villa,Sale,38298,44,5.57,35.56,West
342,12.759407,76.057827,192952,1491,5,1,Apartment,Sale,142562,26,9.5,40.2,North
343,12.839519,78.034718,335616,1140,4,1,House,Sale,101385,44,1.06,49.75,East
344,10.944151,78.954506,337842,3091,2,3,Apartment,Sale,82075,39,6.86,1.82,West
345,8.876226,79.782888,285337,1542,5,1,Villa,Rent,130063,63,3.33,38.04,West
346,12.353429,77.668749,429568,2485,2,3,House,Rent,39589,46,5.84,35.9,North
347,12.898952,76.828726,73784,3676,1,2,House,Sale,37249,24,4.1,33.99,South
348,9.934832,76.161103,320198,1292,2,3,House,Rent,143166,47,4.51,22.01,East
349,12.040198,79.23266,255685,3168,3,4,Apartment,Rent,141688,40,2.75,27.8,South
350,9.094716,79.645423,487069,536,1,3,Apartment,Sale,27171,68,5.73,18.81,West
351,11.347573,77.827774,261840,3737,2,1,Villa,Rent,41731,28,6.71,2.38,East
352,12.498835,76.396252,229319,3193,4,1,House,Sale,117279,24,2.61,1.14,North
353,10.603888,78.106591,132838,736,5,2,House,Sale,27645,58,4.36,23.71,South
354,8.675349,77.934817,281252,3473,2,1,House,Rent,80076,40,8.53,15.68,East
355,8.871506,76.132796,244717,699,1,3,Villa,Sale,60175,25,3.52,38.22,West
356,12.434852,76.524387,106789,1415,2,2,House,Rent,76474,49,2.85,43.37,North
357,10.59449,78.5357,56500,2022,3,4,House,Rent,133911,62,5.39,23.63,West
358,11.679367,76.944353,432885,1258,4,4,House,Sale,96018,37,8.29,42.64,North
359,11.226623,79.132925,186691,3468,2,3,Apartment,Sale,90669,56,5.37,19.33,North
360,10.950248,76.400563,403233,2149,2,1,Apartment,Rent,53582,57,7.77,16.86,West
361,9.929809,77.000979,446788,1121,4,1,House,Rent,52153,50,3.0,13.09,West
362,11.905793,76.033946,205671,2126,1,3,House,Sale,92671,51,9.46,17.54,West
363,10.945582,79.436882,142435,1037,1,4,Apartment,Rent,137310,66,2.02,44.48,East
364,11.24712,78.797382,307657,3526,4,3,Apartment,Sale,87852,54,4.41,4.82,South
365,12.865987,77.909676,444147,2107,5,4,Apartment,Rent,146452,69,4.73,42.8,West
366,12.288795,77.017651,374568,538,3,4,Villa,Sale,41861,35,5.7,37.87,South
367,12.163675,78.317062,202901,603,4,2,House,Rent,60754,49,3.9,41.46,West
368,12.559378,79.773474,468381,2947,1,4,Villa,Sale,62786,32,9.68,39.72,South
369,8.88269,76.716305,118012,1614,3,3,Apartment,Rent,93297,40,7.93,32.34,East
370,11.049503,79.562595,264067,3959,1,3,House,Sale,88838,70,4.46,12.2,West
371,12.075088,79.732209,458049,3700,2,2,Villa,Rent,88949,21,4.27,49.54,North
372,9.267966,76.824336,155579,1018,1,3,Villa,Rent,79255,28,8.14,49.73,West
373,8.620822,76.704573,451946,2873,1,4,Villa,Sale,92828,48,7.87,10.23,East
374,9.165439,77.47362,143747,3675,4,1,Apartment,Sale,41281,43,3.19,28.36,South
375,9.939815,78.097868,360049,3331,1,2,Villa,Rent,57729,68,6.4,15.1,East
376,12.636055,78.573264,397111,1234,4,4,Apartment,Sale,142778,69,9.55,2.77,South
377,8.253666,79.195584,412894,2986,4,3,Villa,Rent,79496,25,2.36,42.19,South
378,8.930016,79.85546,367187,2377,2,4,Villa,Sale,46775,58,8.09,12.56,South
379,8.764191,79.618628,444768,3819,2,4,Apartment,Sale,108026,50,5.91,18.71,East
380,11.356002,77.652753,478217,3463,1,4,House,Rent,142053,62,6.32,21.28,South
381,10.313815,79.817954,213105,3531,4,1,House,Rent,147434,66,2.8,2.54,West
382,10.663022,79.359097,398609,1677,5,2,Villa,Sale,91382,23,3.14,14.58,South
383,12.303055,76.424341,57620,1427,1,1,Apartment,Sale,93372,31,1.48,15.95,West
384,9.019208,77.0317,223919,3768,5,3,Apartment,Sale,42980,49,7.93,38.87,West
385,12.697256,76.183587,120503,1288,2,1,Apartment,Sale,139672,59,6.19,31.95,West
386,8.400972,76.648797,430656,1512,2,1,Villa,Rent,98026,21,4.09,17.1,East
387,10.576146,77.257069,456067,3090,2,2,Villa,Sale,50140,31,6.91,2.5,South
388,9.037723,77.40926,212688,2531,4,2,Apartment,Sale,32523,24,2.42,44.85,East
389,10.48655,78.31964,446579,3116,4,2,Apartment,Rent,147359,68,3.59,49.72,East
390,11.436498,76.479618,159210,2061,5,4,Apartment,Sale,147779,58,8.06,44.4,West
391,9.796932,77.713181,63555,2721,3,2,Villa,Sale,43593,28,3.44,10.53,South
392,11.854177,79.824322,388414,3551,3,4,Villa,Rent,112210,23,1.02,24.44,South
393,11.382504,77.414751,424735,1864,2,4,Apartment,Rent,55222,33,5.31,36.59,East
394,11.406754,77.316218,298033,1229,3,2,House,Rent,98896,22,9.05,47.96,West
395,11.191056,78.52049,350422,1488,4,3,Villa,Sale,38414,41,9.15,22.57,East
396,9.502162,79.117198,350424,1925,4,1,Villa,Sale,34610,52,5.94,47.94,East
397,10.582236,78.679184,137540,3309,5,3,Apartment,Rent,37135,53,3.2,17.69,West
398,8.485632,78.601134,361307,1971,1,3,Apartment,Sale,107790,38,8.67,25.6,North
399,11.8491,78.385858,117977,2275,3,2,House,Sale,88989,70,6.84,48.41,North
400,8.152834,77.420594,289642,1290,1,1,Villa,Sale,73378,28,8.51,23.66,North
401,11.978387,78.853406,125221,886,4,1,Apartment,Sale,66412,28,7.76,17.89,South
402,12.583256,78.568206,80358,1233,4,3,Apartment,Rent,86119,34,1.62,14.0,East
403,12.767984,79.386816,188174,1980,1,3,Villa,Rent,48069,23,7.05,13.38,East
404,11.135021,79.165837,309311,662,4,3,Apartment,Sale,95406,21,7.22,21.15,West
405,11.854257,77.953066,320810,1430,1,2,House,Sale,89117,62,2.37,48.13,South
406,11.716217,78.594898,107396,2195,2,2,House,Sale,135446,44,3.24,6.31,North
407,11.327786,76.67307,50893,1316,4,2,House,Rent,148920,37,9.7,12.98,West
408,12.990362,76.363206,208310,3800,1,1,Apartment,Rent,63591,61,2.3,4.75,West
409,8.689672,76.128761,416095,2944,4,4,Villa,Sale,107856,60,4.3,27.81,West
410,10.470467,79.619287,360068,1289,5,2,Apartment,Rent,123666,24,3.77,28.76,West
411,9.661132,78.006081,258080,3695,4,4,Apartment,Sale,91522,62,8.53,22.61,West
412,8.230609,77.183384,348176,1789,4,2,Villa,Rent,138976,51,8.32,27.65,West
413,11.818584,76.326338,126584,2699,4,1,Villa,Sale,109495,40,9.45,33.15,South
414,11.755948,79.47336,187473,1328,2,3,House,Rent,76051,36,2.69,29.75,North
415,11.481788,77.397591,181723,2835,2,3,Apartment,Rent,116191,49,4.48,30.01,South
416,11.714152,78.713189,125137,1785,4,4,Villa,Rent,144114,39,5.56,16.3,South
417,9.377582,78.449813,286783,3888,3,2,Apartment,Sale,117223,67,5.68,46.58,East
418,12.715197,79.222865,431273,1963,4,2,House,Sale,119314,31,1.85,18.85,South
419,9.004284,77.071912,279104,2450,3,1,Apartment,Sale,110852,34,8.43,2.97,South
420,9.484955,78.929027,362446,628,2,3,House,Rent,142244,60,5.69,27.62,East
421,9.893239,78.163484,180536,3142,1,1,House,Rent,88261,46,7.72,34.58,East
422,11.086206,78.484716,392820,3910,2,3,Apartment,Rent,145003,59,1.47,42.98,North
423,12.286845,76.060487,236058,3744,5,1,Apartment,Sale,141325,47,2.7,1.89,East
424,11.425591,78.614323,463273,3292,4,2,Apartment,Rent,136815,41,5.11,39.38,East
425,11.099211,76.234885,79248,1883,5,2,House,Rent,138398,54,3.15,23.05,North
426,9.340096,76.950723,429473,1250,3,3,Villa,Sale,69949,49,5.85,13.86,West
427,8.446337,77.347482,282923,1457,5,2,Apartment,Rent,116791,53,5.59,35.78,South
428,8.979883,76.13933,92043,3005,5,1,House,Rent,141404,38,4.92,29.11,North
429,11.331553,77.932829,229598,2219,5,4,House,Sale,68389,65,8.07,22.12,West
430,12.305683,77.26531,477618,3807,2,2,Villa,Rent,125441,24,4.11,46.7,North
431,11.644762,77.521266,229741,3064,4,2,Apartment,Rent,109168,65,1.16,40.45,East
432,8.160301,78.091982,83607,731,1,4,Villa,Rent,42096,63,2.06,20.67,East
433,12.852488,79.306203,235860,2054,2,4,House,Rent,55480,29,8.45,37.18,West
434,12.688591,78.664158,190965,2137,1,1,House,Sale,145433,22,3.74,30.37,South
435,11.744443,76.336506,484497,2455,2,4,Apartment,Sale,134344,54,2.7,14.43,South
436,10.512671,77.237486,83428,3552,1,4,House,Rent,133526,49,9.67,24.66,South
437,9.359797,78.728021,88995,1192,2,4,Villa,Rent,44988,43,3.2,13.31,West
438,9.785789,78.6677,133010,2083,2,3,Apartment,Rent,49010,26,7.81,22.72,South
439,11.306602,79.971237,432469,1003,2,1,Apartment,Sale,123117,53,5.81,13.35,West
440,12.787126,77.114505,126833,1347,3,3,Villa,Sale,141017,22,7.54,30.82,East
441,8.299454,79.86432,237919,3459,3,1,Villa,Rent,76738,62,8.19,29.86,West
442,12.633792,76.359855,484931,1412,2,3,House,Sale,89159,52,1.9,28.52,South
443,9.114639,79.338329,383546,3479,4,2,House,Rent,90996,48,8.92,22.46,North
444,9.478863,78.602976,401485,1575,4,3,Villa,Rent,44599,34,6.8,12.56,North
445,9.198598,79.190124,54074,3883,3,2,Villa,Sale,93214,40,4.01,3.9,West
446,8.072077,77.212568,381859,2760,4,2,Apartment,Sale,129230,55,9.11,33.35,East
447,10.898795,76.935776,317167,3508,5,2,Villa,Sale,30825,44,1.28,2.36,North
448,10.507436,77.3056,94518,3572,1,2,Villa,Rent,39278,49,8.01,13.01,West
449,8.182841,78.244135,336582,3723,3,4,Apartment,Rent,139471,66,6.1,8.17,North
450,9.607402,79.151089,97433,3096,3,1,Apartment,Sale,94564,65,4.57,3.62,South
451,11.685397,79.235397,181486,1619,2,3,House,Sale,74528,46,7.72,1.87,West
452,10.991697,77.908886,416923,3157,3,1,Apartment,Rent,50566,49,5.85,38.89,North
453,12.80219,78.116829,318300,2749,1,2,House,Rent,146712,66,8.17,2.25,West
454,12.121508,76.734408,447973,2053,5,3,House,Sale,91775,28,5.85,15.9,North
455,9.80122,79.749582,50990,771,3,4,Villa,Sale,52483,55,6.73,25.02,South
456,8.406747,76.019645,399247,3011,4,4,House,Sale,58584,59,3.9,4.5,North
457,11.876934,79.721905,352871,3844,4,1,Apartment,Sale,134375,52,8.08,32.13,East
458,11.940005,79.660784,110423,3882,2,3,Apartment,Sale,141184,39,5.05,28.96,West
459,12.490099,78.720068,196460,1719,4,2,House,Rent,127041,47,3.35,40.65,East
460,12.554305,77.914913,178161,3474,2,3,Villa,Rent,60000,53,6.34,8.61,South
461,11.258527,78.604826,110374,2444,4,1,Villa,Rent,66377,42,6.02,38.24,West
462,11.975797,78.634168,377663,2051,4,4,Villa,Rent,43510,56,3.53,12.38,South
463,12.578782,77.524543,103250,1527,3,1,Apartment,Sale,63405,66,3.39,3.87,North
464,9.157446,76.386822,143874,1094,3,4,Apartment,Rent,39595,56,7.62,38.14,West
465,12.384096,79.156842,77042,1034,5,1,Apartment,Rent,69658,64,7.21,28.18,South
466,8.314409,77.615543,456029,3208,4,2,Villa,Rent,77510,50,5.62,6.29,North
467,8.805996,79.714435,350586,1176,4,3,Apartment,Sale,94142,64,7.38,3.43,East
468,9.896701,77.578711,454056,2121,5,2,House,Rent,108172,29,4.58,39.04,West
469,11.468465,79.744984,153698,3754,2,4,Apartment,Rent,104820,67,6.29,17.86,West
470,12.004918,77.784963,117372,1512,5,4,Villa,Rent,24800,61,7.46,45.11,West
471,9.394688,79.636957,184460,3847,5,2,Apartment,Sale,89245,38,8.78,16.56,North
472,10.135765,78.22687,355289,3519,1,2,House,Sale,72870,44,1.15,34.24,West
473,8.67593,76.208344,435402,1260,3,4,House,Sale,101418,48,4.42,26.14,North
474,8.78264,79.80908,316395,850,3,2,Villa,Sale,32337,43,7.03,38.11,East
475,10.308399,77.276426,411284,3152,2,4,House,Sale,39252,27,4.88,9.38,South
476,10.374316,79.807775,313609,3855,3,3,Apartment,Sale,137238,46,7.18,42.76,North
477,11.094216,76.363468,358669,1247,2,4,Villa,Rent,122932,41,9.67,45.9,North
478,9.503639,79.916872,430161,3661,5,1,Villa,Sale,82280,27,2.35,35.05,South
479,8.662146,77.616909,228100,1872,4,2,House,Rent,44358,36,8.85,5.79,North
480,12.344092,78.045143,264578,2054,2,1,Apartment,Rent,108934,45,8.33,21.64,West
481,11.068596,76.450723,322602,1686,1,1,House,Rent,141012,61,8.17,16.5,South
482,10.696202,79.10705,379386,640,5,1,House,Rent,73877,63,9.72,11.49,East
483,8.307323,78.937918,460208,1920,2,1,Villa,Rent,115506,55,5.05,20.96,West
484,8.740009,77.205571,269797,2630,4,2,Villa,Sale,83793,41,7.43,42.54,South
485,11.313055,76.489675,298452,3285,3,3,Villa,Rent,77281,55,8.78,46.03,North
486,8.253873,79.282008,222873,1968,3,4,Apartment,Sale,49523,56,1.62,11.97,East
487,11.424266,76.794333,335959,2454,4,4,Villa,Rent,80596,31,7.0,21.52,North
488,10.006423,77.169198,326915,3900,1,1,House,Sale,24476,21,5.89,3.54,North
489,12.245806,79.817825,138797,1827,4,2,Villa,Rent,141262,52,4.74,6.37,North
490,10.654239,78.471266,374484,610,2,4,House,Rent,141578,31,3.79,25.99,North
491,11.296496,76.748793,428387,1023,5,3,Apartment,Sale,88144,38,2.38,8.55,South
492,9.287949,79.176156,335749,2151,5,2,Apartment,Rent,43960,23,5.21,37.2,South
493,11.017911,79.912602,200660,3154,5,4,Villa,Rent,90318,70,4.73,32.77,East
494,12.534631,79.229144,338179,3602,3,2,Apartment,Sale,43491,33,9.48,19.41,North
495,8.533475,78.324932,348914,3885,1,2,House,Sale,45365,42,7.4,41.01,North
496,10.134043,79.784615,80017,3054,5,1,Apartment,Rent,67318,31,8.0,38.69,South
497,9.44716,76.572192,405684,2996,4,2,Apartment,Sale,21800,44,8.96,15.04,South
498,12.885807,79.095149,467044,3064,1,3,Villa,Sale,93728,35,2.41,46.83,South
499,11.325006,77.83727,177017,773,2,1,Apartment,Sale,50823,70,4.57,10.92,South
500,11.309989,76.043785,292420,1974,2,1,House,Sale,100262,69,9.17,44.91,West
501,10.033745,78.641912,383000,2297,5,2,House,Rent,24259,22,9.14,19.33,North
502,10.80455,77.558692,366066,1671,5,3,Apartment,Rent,68181,43,6.46,14.75,West
503,8.035036,78.508851,358343,1315,2,2,Apartment,Sale,131618,44,8.7,8.48,West
504,8.197043,76.036296,319732,2991,1,2,House,Sale,107363,34,8.46,26.88,North
505,9.376772,78.299687,464221,2472,5,4,House,Rent,49923,25,5.59,12.38,East
506,8.62161,76.37448,300377,2694,4,3,House,Sale,113383,43,1.29,13.73,East
507,10.117398,76.875665,414731,3564,1,2,Apartment,Rent,94481,35,6.62,2.48,East
508,8.906555,78.344774,473687,2512,2,1,Apartment,Sale,80327,58,6.08,25.14,South
509,11.499561,76.685284,382129,1213,4,4,Villa,Sale,147512,42,9.07,20.79,North
510,9.463253,77.779944,286533,1316,5,2,Villa,Rent,22994,66,6.45,29.46,West
511,11.716967,79.695965,319790,1541,3,4,House,Sale,21501,49,8.03,10.41,South
512,11.144462,79.761253,105268,3206,3,3,Apartment,Rent,148508,41,7.42,31.9,North
513,11.031703,78.123014,145462,633,4,1,Villa,Sale,73236,23,2.36,10.94,North
514,10.954412,77.300192,383163,3810,3,1,Apartment,Sale,141867,36,6.09,8.96,North
515,10.72555,78.704228,485658,1636,2,3,Apartment,Sale,123280,42,8.94,29.75,West
516,9.787241,78.007594,313434,798,5,3,Apartment,Rent,147918,68,4.17,20.5,East
517,9.976587,78.224125,311883,1079,2,2,Villa,Rent,113586,69,1.81,31.12,South
518,9.164976,78.130182,430261,1699,3,3,Apartment,Rent,118093,53,1.59,7.51,West
519,9.574179,77.000339,477120,2249,1,3,Apartment,Rent,61947,32,7.6,47.48,West
520,9.581208,76.023704,324145,3094,1,1,Apartment,Sale,83938,43,2.47,8.65,West
521,10.578034,79.931954,418039,2865,4,1,Apartment,Rent,139877,29,2.64,31.72,West
522,11.61357,77.424074,217992,964,1,3,House,Sale,118326,49,8.57,31.69,South
523,11.449336,76.103653,135026,3918,4,2,Villa,Sale,81120,57,5.83,42.25,East
524,12.143774,77.658011,224178,1524,2,1,Villa,Rent,144201,34,5.24,18.37,North
525,8.214397,78.871234,314463,1334,2,2,Villa,Rent,71716,39,9.5,32.51,East
526,10.705922,76.824846,169014,611,5,4,Apartment,Sale,32612,30,6.16,36.94,West
527,12.35256,79.884406,342010,1388,1,2,House,Rent,62103,63,3.29,45.26,South
528,8.05989,79.886538,306119,2931,3,1,Apartment,Rent,28860,68,1.41,30.87,West
529,9.092182,77.55336,262168,3315,3,2,Apartment,Sale,102796,39,5.41,16.04,North
530,9.749263,77.757169,208424,2141,3,3,Apartment,Rent,101759,27,3.78,12.98,West
531,8.120351,77.141728,288699,3413,2,3,House,Sale,94630,53,5.29,30.86,West
532,12.163001,78.166199,386645,1365,4,2,Villa,Sale,122940,70,4.03,19.5,East
533,9.934038,77.684936,388270,971,5,2,Apartment,Rent,70189,69,8.45,13.06,South
534,10.575074,79.109598,487765,2145,4,4,Villa,Rent,95097,31,2.13,45.56,West
535,12.807445,78.930215,406658,3578,2,3,Villa,Sale,36674,42,8.11,43.78,East
536,11.862111,78.433248,147386,1097,3,2,Villa,Sale,40235,42,7.53,20.0,West
537,9.788055,78.850199,333080,3532,3,4,Villa,Sale,65641,38,9.39,2.09,West
538,9.289215,79.127554,410205,1363,4,3,Apartment,Sale,112771,25,9.47,33.43,North
539,12.157042,77.84509,435433,1425,1,4,Villa,Rent,39824,58,4.11,26.57,North
540,11.039204,79.738279,441692,3438,4,4,Apartment,Sale,108134,51,5.01,42.07,East
541,11.394456,79.368591,346918,1811,5,2,Villa,Sale,86479,38,2.06,35.82,South
542,8.615176,79.320172,229021,2815,1,1,Villa,Sale,23070,70,9.09,34.03,East
543,9.266895,76.738389,169648,2690,4,3,House,Rent,90207,32,7.83,48.66,East
544,10.996462,76.606376,228286,1012,3,1,House,Sale,140708,34,8.22,4.59,East
545,12.92192,76.021012,466498,3857,2,2,Villa,Sale,43444,24,1.46,38.86,South
546,10.694251,78.480349,203670,3972,1,3,Apartment,Rent,111521,47,8.4,39.13,West
547,9.303234,78.461762,439206,3008,1,1,Villa,Rent,26463,56,5.59,27.15,South
548,10.931356,76.624007,313330,3278,3,1,House,Rent,49158,57,5.43,15.58,North
549,10.813712,76.310521,203793,1521,5,1,Apartment,Rent,26254,59,8.28,3.71,East
550,10.628583,79.608625,218416,3520,1,4,House,Sale,47631,33,9.7,27.0,North
551,12.250087,76.23145,66320,3103,5,1,Apartment,Sale,97885,25,9.27,28.67,North
552,11.38979,77.794448,382752,3453,1,4,Villa,Sale,78755,48,5.35,22.08,West
553,10.864819,79.309101,360050,749,1,3,Apartment,Rent,92286,58,4.76,20.86,West
554,8.808409,79.917915,239317,926,1,4,Villa,Sale,149456,35,1.78,12.94,East
555,10.894513,78.825753,204046,2855,3,3,Apartment,Rent,104563,39,6.15,36.37,North
556,8.559889,79.390756,56853,2789,5,4,House,Sale,64472,40,4.09,5.27,East
557,10.750002,78.455696,280921,3795,2,2,House,Rent,140429,59,6.31,26.4,South
558,8.448773,76.711436,363075,1456,3,1,Apartment,Rent,84560,32,7.1,41.26,South
559,11.522126,79.852356,447338,3868,3,4,Villa,Sale,135296,30,4.99,39.08,West
560,11.002798,79.628213,90265,1444,2,1,House,Sale,121059,35,5.89,1.41,South
561,10.278922,77.252732,198117,3563,1,2,Apartment,Rent,32617,53,3.86,6.03,East
562,8.433299,79.037902,439380,2850,4,2,Villa,Rent,105540,35,4.57,17.24,South
563,8.747791,76.595763,363864,3106,3,3,House,Rent,142334,32,7.46,8.39,East
564,8.71453,76.045333,52866,994,3,3,House,Rent,125053,45,7.83,30.64,East
565,11.232463,76.274689,339408,1202,3,4,House,Rent,90003,64,4.21,42.13,North
566,9.127386,79.119063,411834,3455,5,1,Villa,Rent,113305,43,9.9,38.12,South
567,11.948348,77.524321,309113,3171,2,4,Villa,Rent,83382,42,1.57,40.56,North
568,11.873936,79.451349,481721,3194,2,1,Apartment,Sale,80392,21,1.16,41.36,North
569,9.425182,76.724578,446490,1372,3,2,House,Sale,50551,54,3.05,19.45,West
570,11.65329,77.919581,350215,2138,2,4,Apartment,Sale,99816,40,6.12,15.04,North
571,11.785598,79.621925,430490,2442,2,1,Villa,Rent,65874,36,8.77,8.58,East
572,9.3492,77.50753,75949,3244,3,2,Villa,Rent,29465,41,1.43,1.52,East
573,11.031162,76.015159,467698,2221,4,4,Villa,Rent,123557,53,3.86,4.58,South
574,10.631923,79.799914,192762,2333,4,1,Apartment,Rent,109185,42,8.22,36.66,South
575,10.821452,79.857285,206517,2317,2,1,House,Sale,117518,37,2.03,40.86,North
576,12.408607,76.368462,126944,3479,5,3,Apartment,Rent,85821,37,7.53,7.09,North
577,10.100346,77.434188,59282,3020,5,3,House,Sale,124955,38,7.58,25.8,West
578,11.140331,77.386236,147806,628,4,2,Villa,Rent,117127,32,9.19,39.51,East
579,12.862431,79.193657,90897,3830,5,1,Apartment,Rent,87739,38,2.06,21.41,East
580,12.805143,79.641548,487011,3594,3,1,Apartment,Rent,130709,48,2.8,23.32,West
581,12.515663,79.536654,308588,1365,1,1,Apartment,Rent,66099,22,4.17,15.51,South
582,8.882597,76.810078,169031,2761,3,3,House,Sale,27602,50,3.23,26.57,South
583,8.867245,76.877367,447262,702,5,2,Villa,Rent,97270,53,4.46,46.18,South
584,10.537641,79.456195,342516,3303,3,4,House,Rent,78704,66,3.41,24.18,East
585,9.150811,77.921841,279090,679,3,4,House,Sale,147671,64,9.21,3.65,South
586,11.984495,78.424777,101142,2733,1,4,Villa,Sale,42849,31,9.83,6.73,East
587,12.284692,77.158181,203588,817,5,4,Apartment,Sale,41818,29,6.47,37.01,East
588,10.124074,78.431509,461857,1036,3,3,Villa,Rent,90571,70,1.84,4.27,East
589,10.61652,77.75867,336986,2083,2,3,House,Sale,41753,22,6.29,19.17,East
590,8.183954,79.302756,61239,2406,5,1,Villa,Rent,119269,28,1.18,18.12,West
591,8.562867,79.893849,181206,1831,1,2,Villa,Rent,112876,29,9.63,1.21,South
592,9.601944,76.423164,426507,2196,4,1,Villa,Rent,148939,69,5.1,28.88,South
593,9.678316,77.788557,76257,3345,1,1,Apartment,Rent,50227,41,8.28,43.66,West
594,9.382406,76.37335,53215,925,3,2,Villa,Rent,108845,61,5.07,5.07,East
595,12.437026,79.114096,155363,3537,5,2,House,Rent,126376,51,7.44,29.42,North
596,9.947817,76.136509,426434,762,3,4,Villa,Rent,29200,46,2.98,7.01,West
597,9.915131,78.203751,323663,1678,5,2,House,Rent,45242,24,8.99,3.49,East
598,11.070221,77.999909,381901,554,3,4,Apartment,Rent,99893,36,4.41,2.22,East
599,11.676961,79.773637,220544,3076,4,4,Apartment,Rent,84696,25,6.68,28.01,West
600,10.736223,78.350514,94924,616,2,2,Villa,Rent,89783,54,6.41,3.91,North
601,9.507817,79.765179,406271,3643,1,2,Apartment,Rent,108607,39,3.33,32.58,West
602,8.423224,77.593585,288511,1026,4,3,House,Rent,64139,24,7.21,11.11,North
603,9.718328,79.025414,187612,2311,3,2,House,Sale,50998,29,8.94,24.36,East
604,11.139624,78.649969,474090,3477,1,3,Villa,Rent,36647,55,8.15,26.57,North
605,9.190008,79.209792,376542,3333,5,4,House,Rent,130840,35,9.39,4.09,West
606,12.249909,78.107184,441061,1313,5,3,Villa,Rent,30541,50,8.53,29.35,East
607,12.221647,79.470139,497814,3240,3,4,Villa,Rent,78292,60,8.05,16.0,North
608,11.913624,77.11412,151352,2451,1,3,Apartment,Sale,105022,54,2.59,12.4,South
609,12.415179,78.119937,492072,1233,2,3,House,Sale,24047,49,3.55,20.03,West
610,12.345956,77.79091,494782,2842,1,4,Apartment,Sale,68412,29,5.16,27.58,North
611,12.713752,77.540895,171287,1463,1,2,Apartment,Sale,125643,31,2.99,4.06,West
612,10.478381,79.687897,290028,698,2,2,Apartment,Sale,126690,60,1.84,4.36,North
613,11.807225,79.15913,201201,1033,4,3,Villa,Sale,141858,56,5.01,32.08,West
614,10.907029,77.585769,189205,1298,3,4,House,Rent,69646,47,2.65,7.88,North
615,9.437799,78.692397,218689,2806,5,3,Apartment,Rent,49874,36,3.58,20.26,East
616,10.033302,79.843516,149592,1733,3,4,Villa,Rent,77833,66,5.89,30.4,West
617,9.778574,79.569106,128732,3806,2,4,Apartment,Sale,49321,61,9.28,5.53,East
618,10.918483,76.323694,251640,3998,5,3,Villa,Sale,76371,27,6.68,49.24,North
619,10.858731,76.63428,438123,3198,2,2,House,Rent,143444,65,3.4,48.23,West
620,9.774726,76.594997,219369,3419,4,1,Villa,Rent,98042,46,1.53,25.21,North
621,12.218969,78.001985,495724,2732,1,2,Apartment,Rent,64668,23,9.37,42.47,North
622,9.732853,78.312319,183687,2323,4,3,Apartment,Sale,112057,23,5.18,14.41,North
623,12.195846,78.571707,430650,1170,1,2,Villa,Rent,73374,70,1.0,4.26,West
624,10.311329,79.205212,256474,815,4,3,Villa,Sale,91507,46,5.63,39.53,West
625,9.937575,79.979387,75735,1224,5,3,Villa,Rent,88178,53,1.79,18.0,South
626,11.31318,78.697004,395505,1493,4,2,Villa,Sale,88177,48,6.96,43.58,South
627,12.30894,76.421821,276896,1792,5,3,Villa,Rent,117025,23,6.23,25.41,South
628,9.152955,76.014861,376407,2442,2,4,House,Sale,102925,64,8.97,34.73,North
629,9.600668,79.59679,395806,2607,5,1,Apartment,Rent,135502,34,4.05,27.83,West
630,12.991813,77.055357,182377,3362,1,4,Villa,Rent,54670,57,9.41,14.31,South
631,8.842193,79.110729,96776,902,2,1,Villa,Rent,146598,65,2.4,21.42,West
632,11.975474,78.43038,224359,2887,2,3,Apartment,Sale,108533,30,1.05,1.87,East
633,11.340338,78.288566,147319,2495,4,4,House,Sale,104055,53,9.19,10.12,West
634,10.485623,77.14994,136189,3806,4,4,Villa,Rent,129192,51,4.27,23.04,North
635,9.020807,78.83612,195665,2850,1,3,House,Sale,109899,51,7.05,17.14,North
636,11.769183,78.052876,180284,2390,3,1,House,Sale,106279,62,1.07,17.61,North
637,11.18351,76.270376,479647,891,1,4,Villa,Rent,53474,55,7.23,18.86,West
638,8.354709,79.908515,205186,3775,3,3,Apartment,Sale,135659,30,7.91,4.02,West
639,10.32192,79.618622,304511,1747,3,3,Apartment,Rent,134199,41,5.0,31.88,South
640,8.202896,78.459112,211296,1580,5,2,Apartment,Sale,31376,59,3.55,43.37,North
641,8.304372,79.126777,434203,1390,2,3,Villa,Rent,99818,21,6.16,31.52,East
642,9.665908,78.660003,113873,1413,2,2,House,Rent,106633,22,6.01,32.14,West
643,11.463003,77.008772,255798,575,4,1,Apartment,Rent,107865,29,6.38,23.36,West
644,9.689347,79.482066,470825,2572,4,2,House,Rent,147493,41,4.17,32.19,North
645,12.508109,78.628143,207274,3369,2,2,Villa,Sale,57783,67,1.94,39.91,West
646,9.847347,76.045135,229100,3242,4,3,House,Rent,53652,56,7.07,23.23,West
647,10.666566,77.242669,156080,2498,2,3,Villa,Rent,34107,57,6.43,41.16,West
648,8.761338,78.016087,297052,1050,5,2,Apartment,Sale,41163,63,6.77,47.43,East
649,8.478686,76.776177,70104,3666,4,3,House,Sale,139505,46,7.26,14.01,South
650,11.330131,79.106354,71012,3084,4,2,Apartment,Rent,86296,32,7.7,27.61,North
651,8.140399,76.456303,420528,3752,4,4,Villa,Rent,147094,65,1.1,33.65,West
652,9.630047,78.746187,120754,3242,5,3,Apartment,Rent,33451,57,2.19,42.54,North
653,8.612963,79.991148,332399,2146,5,2,Villa,Rent,92721,66,6.51,25.0,South
654,12.929728,77.35744,250413,1854,5,1,Villa,Rent,58875,60,5.35,37.41,South
655,10.056036,78.110183,277945,3654,1,1,House,Rent,94624,24,4.64,8.56,South
656,10.390058,79.646189,461527,842,1,4,House,Rent,50349,25,9.85,4.13,South
657,12.295925,78.001567,423306,943,4,3,House,Sale,127582,46,8.81,30.36,South
658,10.122676,77.266518,174707,2024,2,3,Villa,Sale,139927,36,1.76,11.01,North
659,10.324499,78.43765,111584,2917,5,1,House,Sale,86883,40,4.91,11.47,East
660,12.409675,76.153194,276333,1222,2,4,Apartment,Sale,94674,30,6.44,1.71,West
661,9.089412,76.113549,85604,3869,3,4,Villa,Rent,76046,51,8.6,27.01,West
662,9.411509,78.547689,268035,3826,3,2,Villa,Rent,66332,40,7.82,2.81,East
663,8.008924,78.973295,175371,3436,2,3,Villa,Rent,128506,34,5.65,22.6,West
664,12.993845,77.626042,419647,697,3,2,House,Sale,95977,21,7.77,40.7,South
665,9.883657,78.044866,75735,3793,2,4,Villa,Sale,28641,56,8.74,40.89,West
666,11.719656,77.267408,68437,1126,1,4,Villa,Sale,54528,49,4.38,13.75,West
667,10.614071,77.678534,208725,2452,3,4,House,Sale,145309,26,9.39,4.51,West
668,9.108972,78.425412,56518,3544,4,3,House,Sale,102897,48,7.26,27.8,West
669,8.832195,79.606836,382483,2194,5,3,Villa,Sale,29542,35,8.69,30.19,East
670,10.673628,76.250628,378696,2347,1,3,House,Sale,101006,41,5.59,3.77,South
671,12.87484,78.022935,256530,1930,2,2,Villa,Sale,56029,47,6.61,7.45,North
672,9.467744,77.884832,363633,3857,2,1,Apartment,Sale,137679,34,5.97,15.14,South
673,11.417028,77.543286,236604,2353,2,4,House,Rent,117902,25,1.03,30.63,North
674,10.475989,76.330927,159476,712,3,3,Apartment,Rent,32173,33,5.01,24.14,East
675,10.748946,77.433201,172973,2652,2,1,House,Rent,22152,49,2.55,9.58,West
676,12.957806,78.911372,180124,1592,1,2,Villa,Rent,63637,54,8.48,32.89,North
677,12.932913,76.943493,87251,1093,3,2,Apartment,Sale,135102,33,7.98,25.02,North
678,11.164468,77.64346,140533,761,1,4,Apartment,Sale,114732,52,9.38,24.35,East
679,10.355225,79.410298,99736,3516,2,1,House,Rent,28158,43,5.06,12.65,East
680,9.105858,76.964169,125043,2461,5,4,House,Rent,51709,38,9.96,43.34,South
681,8.53071,76.928227,420608,927,2,4,House,Rent,145260,60,4.22,24.61,North
682,8.666975,77.259078,270006,3750,3,2,Villa,Rent,46187,35,9.09,25.6,East
683,11.14632,76.151789,90943,3334,5,2,House,Rent,78201,22,9.84,10.33,East
684,10.32987,76.868406,347984,1304,2,4,Villa,Sale,65587,36,5.84,6.43,North
685,10.196315,77.250673,200581,1572,1,4,Villa,Sale,146923,32,1.05,42.3,South
686,12.486405,76.788589,184123,1123,2,2,House,Rent,95919,61,3.19,22.9,East
687,10.046931,78.767841,297144,1833,2,1,Apartment,Rent,103903,54,8.15,15.24,West
688,9.444546,76.105121,72644,2539,4,1,Villa,Rent,148177,33,2.17,44.49,North
689,8.139508,76.755314,491132,3783,1,1,House,Rent,95833,49,7.26,2.47,East
690,8.006229,78.630964,94012,2525,3,3,House,Rent,126092,55,2.79,35.69,North
691,8.671289,77.130981,236196,1583,5,2,Apartment,Rent,68150,41,9.2,1.03,East
692,9.668035,77.179785,211638,1018,2,3,Apartment,Rent,58690,64,4.8,10.91,East
693,8.073068,79.289115,229186,932,3,2,House,Rent,56749,70,7.57,43.9,North
694,8.326709,78.279436,134891,1254,3,4,Apartment,Rent,88534,25,4.85,22.64,West
695,12.716496,76.367047,255846,1662,1,2,Apartment,Sale,99496,46,9.29,49.95,North
696,11.037928,77.493736,106307,3323,3,3,Villa,Sale,126407,33,2.26,36.08,North
697,12.62431,77.192423,95527,2255,1,3,Villa,Rent,65013,57,9.5,12.81,South
698,12.685676,76.370286,202332,848,5,4,House,Rent,114116,28,2.03,22.62,South
699,10.88573,76.355706,495608,2631,2,1,Villa,Rent,133793,53,7.19,26.34,West
700,12.805911,78.58912,404070,2964,4,2,Villa,Rent,54603,31,5.57,21.55,West
701,12.864482,77.868287,244701,2651,1,4,Villa,Rent,88526,38,8.32,20.11,South
702,12.940559,77.662009,251580,568,1,4,Villa,Sale,127413,44,6.96,12.44,East
703,10.377397,79.413628,320398,1253,2,3,Apartment,Rent,138716,34,3.19,30.23,South
704,11.102941,78.668776,301858,2109,2,2,Apartment,Rent,54821,47,5.82,35.92,South
705,8.041451,78.794159,372231,1548,1,2,Apartment,Sale,71653,52,5.16,40.33,South
706,9.247098,76.814658,302263,1609,2,2,Villa,Sale,129807,62,2.62,27.27,East
707,11.348419,78.943326,79334,2393,1,3,Apartment,Sale,45376,65,1.36,41.03,East
708,9.617565,77.178437,172234,1733,3,1,Villa,Sale,90436,27,8.88,49.29,West
709,9.958122,76.886242,298539,738,5,2,House,Sale,49929,61,9.29,20.58,North
710,10.908831,79.894269,390386,713,2,3,Villa,Rent,148023,37,7.99,17.06,East
711,9.520574,78.637946,382806,3708,4,2,Villa,Sale,95689,61,6.4,8.02,West
712,9.450558,79.696644,301969,3065,3,1,Villa,Sale,149949,61,1.2,2.44,South
713,12.497254,79.233301,131054,505,4,3,Apartment,Sale,56198,32,2.87,21.38,North
714,11.821588,77.54914,404638,3920,5,3,Apartment,Sale,29104,21,8.67,1.9,West
715,11.303075,76.963108,301868,1749,2,4,Villa,Rent,50318,62,7.27,12.19,East
716,9.91656,76.247644,195695,918,3,2,Villa,Rent,27320,57,2.15,37.52,North
717,10.602085,79.449981,286857,3342,1,2,House,Sale,78128,50,6.87,29.68,North
718,9.537395,77.893893,249554,3195,2,1,House,Rent,81315,52,1.1,34.7,North
719,10.300056,76.572667,403418,1877,2,2,Villa,Rent,39651,31,3.8,20.26,South
720,9.38974,78.942846,316450,3067,2,2,Apartment,Sale,47696,21,3.65,43.27,East
721,10.828416,77.166066,444240,1048,2,1,Villa,Sale,109947,66,2.38,28.42,South
722,10.412274,77.959196,249292,2749,1,1,Apartment,Sale,79420,33,8.77,5.48,South
723,11.685699,77.504155,139003,1421,1,2,Apartment,Sale,54278,59,1.02,7.64,North
724,12.563916,77.96091,427119,2035,1,4,Villa,Sale,112101,25,6.68,41.97,North
725,10.529801,78.656113,299882,3851,1,3,House,Sale,128020,45,6.8,4.13,North
726,12.295308,78.592641,247664,3095,1,2,Villa,Rent,137110,39,6.19,25.33,East
727,12.118073,76.563933,437542,2487,2,2,Villa,Sale,115316,37,3.07,13.13,South
728,12.27381,77.435921,250183,3692,3,2,Apartment,Rent,105918,69,3.79,20.12,North
729,8.79614,77.503843,415546,3624,5,3,Apartment,Sale,53458,41,5.43,5.86,South
730,8.689937,77.90709,203169,3519,3,1,Apartment,Rent,93450,58,4.96,17.52,East
731,9.900332,77.471078,277111,1954,3,2,House,Rent,59973,38,7.83,7.83,East
732,9.744727,77.271746,446357,1077,4,1,House,Sale,35062,59,6.61,7.45,North
733,9.21975,79.365631,106079,1566,2,2,Apartment,Rent,146063,64,5.61,46.48,West
734,8.622086,76.687921,392851,1230,3,1,Apartment,Rent,136599,67,4.26,24.69,West
735,9.370163,79.132397,493617,1975,2,4,House,Sale,65452,50,1.99,12.63,North
736,10.477833,76.723842,446870,3763,1,3,Villa,Rent,110430,66,4.75,22.84,East
737,11.332338,76.785747,93902,2545,2,1,Villa,Rent,45943,48,6.01,6.28,South
738,10.129644,76.353326,293734,972,3,2,Apartment,Sale,141618,23,7.03,37.46,South
739,12.320917,77.452747,298321,1749,1,2,House,Rent,63355,37,7.07,14.0,North
740,12.199565,78.640819,318313,3544,1,3,Villa,Rent,120936,23,6.38,19.42,West
741,11.281989,76.064076,448417,560,2,4,Apartment,Sale,31772,37,2.52,34.3,West
742,8.21901,78.576571,73033,612,4,2,Apartment,Rent,113138,48,6.17,1.6,West
743,11.937742,77.230058,253967,2877,1,1,Villa,Rent,31308,21,7.47,9.63,East
744,10.240108,76.494494,375476,2762,1,2,Apartment,Sale,128713,55,7.59,36.41,East
745,10.656377,79.428028,469176,1790,2,3,Apartment,Sale,127767,56,8.83,18.54,North
746,11.249739,79.862544,449783,1262,2,1,Villa,Rent,21262,42,6.82,13.35,North
747,8.772241,76.165095,430013,3437,4,4,House,Sale,137072,40,4.22,36.82,West
748,9.069424,78.139117,265396,3521,1,4,Villa,Rent,129803,29,7.3,34.96,East
749,8.028556,76.638615,169245,1657,1,2,House,Sale,74588,60,7.2,22.34,North
750,10.286605,78.642387,201850,3555,4,4,House,Rent,83806,63,6.01,44.64,West
751,9.092006,78.373116,165085,3023,3,1,Apartment,Sale,92961,31,6.5,17.96,South
752,8.00061,77.674829,348526,1118,3,2,House,Rent,68628,39,5.77,1.04,West
753,11.106208,76.306811,249749,2659,4,3,Apartment,Sale,140005,49,7.5,9.45,West
754,8.376534,77.260353,215766,2596,3,3,Villa,Rent,114075,41,3.38,8.75,West
755,8.311767,79.603752,345705,3118,1,3,House,Rent,60668,58,6.2,30.62,South
756,12.435547,78.499931,153426,3225,3,3,Villa,Rent,88187,66,2.5,20.04,North
757,8.11878,79.717704,437179,3126,2,3,Villa,Sale,141660,45,8.94,21.52,North
758,11.783787,76.205173,70428,2650,3,2,Villa,Sale,57900,52,9.33,39.64,South
759,8.946547,77.301964,316463,2501,3,3,Villa,Sale,41564,53,1.73,22.11,West
760,9.919948,77.01842,218793,3910,2,3,Apartment,Rent,119333,62,5.39,20.79,East
761,9.511505,76.705251,262941,3054,4,4,House,Rent,143195,45,8.4,26.85,East
762,11.76598,79.380454,332698,3541,1,2,House,Rent,138591,41,3.98,34.61,South
763,12.936872,78.959975,164907,1076,4,1,Apartment,Rent,94049,28,4.08,12.94,North
764,10.15043,76.868477,161083,3008,3,4,Apartment,Rent,120256,25,6.09,23.32,North
765,9.270681,78.051443,366058,937,3,3,House,Sale,77935,48,7.43,21.8,West
766,9.129953,76.118384,162340,2563,4,3,House,Sale,122565,30,4.49,15.12,North
767,11.17104,78.897733,496959,3305,3,1,Villa,Sale,56391,33,1.5,5.74,South
768,9.681665,78.77562,451744,2355,3,2,Apartment,Rent,112424,41,4.87,35.54,East
769,10.336694,79.778069,411635,1763,4,2,Villa,Rent,108130,68,7.85,37.82,South
770,8.658207,76.799329,157327,2245,5,1,Villa,Sale,139831,44,4.71,41.22,North
771,11.623961,79.177592,59336,3756,4,1,House,Rent,76771,50,6.86,40.57,East
772,8.47914,79.290749,135149,3466,4,4,Villa,Sale,92110,40,8.59,31.16,South
773,8.015446,76.412792,161859,713,5,3,Villa,Sale,36313,57,3.39,37.99,East
774,9.650646,79.367652,336643,1360,4,1,Apartment,Sale,48647,21,4.14,21.81,North
775,8.292179,79.680543,292577,2417,3,4,House,Sale,109483,24,9.77,23.99,East
776,9.799301,78.528338,94770,2694,4,1,Apartment,Rent,119800,53,2.23,25.45,East
777,9.689069,78.892973,174345,1485,4,1,House,Sale,64974,65,3.05,48.7,East
778,10.089633,78.029137,272615,3543,2,4,Apartment,Sale,119190,69,5.94,12.86,South
779,12.51729,77.520004,317270,3038,3,4,House,Sale,30260,53,4.58,1.31,East
780,10.871911,79.696357,440892,2581,5,2,House,Sale,128464,40,4.81,10.44,West
781,10.58384,79.88074,223783,998,3,4,Apartment,Sale,33788,32,7.03,9.59,West
782,10.539187,76.449183,88953,2828,4,4,House,Rent,102361,57,5.87,27.42,East
783,9.938301,77.463593,425994,3821,1,3,Apartment,Sale,131620,59,1.83,19.99,East
784,10.769832,77.558165,465632,1165,4,2,Apartment,Rent,23502,46,5.34,13.08,West
785,12.822225,78.546823,368223,1277,2,4,Apartment,Rent,46125,69,2.4,35.01,East
786,12.25451,78.90992,79587,1969,4,3,Villa,Rent,57733,32,9.43,8.14,North
787,12.955602,78.038627,129830,2895,5,1,House,Rent,132173,62,2.84,16.82,West
788,9.490361,76.530478,307349,2116,4,4,Apartment,Sale,84861,67,3.36,30.15,North
789,8.731912,77.646828,220073,1649,4,1,Apartment,Sale,20514,66,3.73,34.98,West
790,11.446757,76.859869,181283,1866,3,1,House,Rent,31805,46,4.94,8.54,South
791,11.50859,79.025662,91734,1273,3,1,Villa,Sale,57570,22,4.55,18.2,East
792,9.815512,77.953771,161880,2081,1,4,Villa,Sale,112116,38,9.4,8.96,North
793,12.682416,79.527067,191609,3244,3,3,Villa,Sale,129011,67,6.02,29.99,North
794,11.738738,78.521826,170511,674,1,2,House,Rent,132434,51,8.56,34.56,West
795,8.594073,78.801273,443662,753,5,3,House,Rent,21072,46,4.74,23.05,East
796,9.870349,76.448524,391749,2767,4,3,Apartment,Sale,61808,34,3.33,42.13,South
797,8.574814,79.976663,434909,1130,3,4,House,Rent,116935,45,4.04,29.68,South
798,12.098343,78.397916,298033,2151,4,4,Villa,Rent,66550,37,1.22,11.62,South
799,9.574558,78.320449,170988,3948,5,2,House,Rent,146251,59,1.45,26.48,West
800,12.248209,77.167419,454398,1544,4,2,Apartment,Rent,146999,67,6.94,40.12,East
801,8.338933,77.500446,404405,3974,2,4,Villa,Sale,92585,40,1.11,45.6,West
802,9.473711,78.173561,342385,2398,4,2,Apartment,Sale,44973,44,4.19,17.24,South
803,8.074815,78.953034,462428,3752,1,4,Apartment,Sale,24595,35,7.98,41.89,North
804,12.148819,76.537676,342041,2580,3,3,Apartment,Sale,100744,53,3.2,25.98,South
805,11.399455,76.910702,340560,3573,4,2,Villa,Rent,67470,45,4.59,21.38,West
806,11.868735,78.754897,321972,2783,4,2,Apartment,Rent,23223,26,9.5,16.97,East
807,11.733601,79.943581,79500,869,5,1,Villa,Sale,80205,37,4.05,38.1,South
808,10.311289,76.027649,318490,1708,1,2,Apartment,Sale,86873,59,9.11,38.39,North
809,12.221851,77.004484,164884,911,5,1,Apartment,Rent,57251,57,8.49,35.67,West
810,11.171875,78.01129,132498,3868,4,4,House,Sale,72945,61,8.19,30.64,West
811,9.604321,76.104843,454643,1047,3,2,House,Sale,125643,69,8.95,45.18,North
812,10.19734,76.080413,147514,2073,2,4,Apartment,Rent,66638,39,7.09,44.73,North
813,10.185964,78.253255,150186,2953,5,3,Villa,Sale,53318,51,7.17,8.59,South
814,10.109296,77.303643,196283,3203,1,2,Apartment,Sale,33395,54,4.5,31.52,West
815,9.395723,76.568638,369392,3599,1,3,Villa,Sale,135895,60,1.96,49.1,South
816,9.959497,76.721977,65054,2232,4,3,Apartment,Rent,90439,47,6.94,18.16,South
817,8.346562,79.296495,380143,1959,2,3,Villa,Rent,127207,27,1.72,46.62,North
818,10.554365,77.531731,228323,3461,5,4,House,Rent,22857,67,2.88,11.84,North
819,9.98616,76.102708,359126,1283,1,3,Apartment,Sale,133475,43,1.54,15.64,South
820,8.815856,79.061264,120854,1097,4,2,House,Rent,73825,39,4.65,41.92,North
821,10.969472,78.656853,292148,3607,2,1,House,Rent,57795,24,4.0,3.3,West
822,9.830101,77.050999,309373,631,1,1,Villa,Rent,51752,31,8.99,22.56,East
823,8.114326,76.672972,297883,979,2,1,House,Rent,130461,56,8.65,13.89,South
824,10.25332,77.147365,122129,3856,3,2,Apartment,Sale,59480,55,2.71,33.73,North
825,8.621615,79.023688,301898,596,2,1,Apartment,Rent,49400,26,1.79,43.67,East
826,8.138809,76.623658,390430,1670,2,2,Apartment,Sale,59582,45,1.77,22.78,North
827,9.807951,76.752737,329955,3238,4,2,Villa,Sale,119847,37,3.68,42.47,East
828,8.205024,78.60107,180612,1425,1,1,Villa,Sale,141165,44,2.37,42.06,East
829,8.737462,78.901687,190370,3734,5,4,House,Sale,88588,50,8.26,28.32,South
830,10.805044,76.39869,243449,1991,4,3,House,Rent,77945,52,5.86,34.4,East
831,11.477106,76.144599,207001,1348,1,4,House,Rent,109747,34,7.1,38.47,East
832,9.682985,76.25858,323712,2512,2,4,Apartment,Sale,78769,39,4.73,35.61,South
833,11.607378,77.660016,105404,2929,3,3,Apartment,Rent,88725,50,4.88,28.6,West
834,8.164699,77.83126,428972,3775,4,1,Villa,Sale,91232,64,6.1,26.2,North
835,12.264983,76.319812,375041,1502,3,4,House,Rent,75035,30,3.68,20.02,East
836,12.314703,77.457727,147894,1983,4,4,Apartment,Sale,91005,49,2.15,36.92,East
837,8.897208,79.0642,355787,1776,5,4,House,Sale,77005,22,6.43,37.16,South
838,10.186958,79.816459,130502,1312,3,2,House,Rent,89487,22,4.64,18.95,South
839,9.253975,78.77282,450059,2413,5,1,Apartment,Sale,55644,55,2.27,26.24,South
840,10.004016,79.473299,434971,2859,2,1,House,Rent,62775,29,7.61,29.85,South
841,9.17305,79.075337,332818,3137,5,2,House,Sale,122025,35,3.97,49.98,East
842,10.15411,77.924744,355050,3968,4,2,House,Rent,101875,48,6.77,6.02,North
843,9.404788,78.877762,66133,3995,2,3,Villa,Sale,40462,43,2.54,11.96,North
844,8.969055,79.714985,442925,1299,1,1,Villa,Rent,58362,36,9.23,27.37,North
845,10.489628,79.838321,430484,3413,1,3,Villa,Rent,53750,29,7.11,23.55,West
846,9.44507,77.496202,269406,1660,5,4,House,Sale,114818,67,9.71,36.16,West
847,10.377521,78.718949,482847,2652,4,3,House,Rent,50336,46,4.59,20.87,East
848,8.502234,79.821362,453057,1617,5,3,Villa,Rent,32651,68,3.33,33.46,North
849,12.993018,77.083598,68445,706,4,1,Apartment,Sale,110318,22,5.08,34.57,North
850,9.468286,78.486513,184092,3739,5,4,Apartment,Rent,72907,47,7.18,29.33,South
851,11.278004,77.449331,440081,3839,5,2,Apartment,Sale,111515,30,1.52,30.32,North
852,9.982226,78.892374,469681,1960,4,4,House,Rent,138731,52,5.46,20.53,West
853,12.945825,77.707341,77179,3036,4,4,House,Sale,39894,67,6.91,19.94,East
854,12.389132,79.258419,333911,1641,5,3,Apartment,Rent,109139,55,9.4,8.32,East
855,11.697134,79.829143,225376,3198,1,4,House,Rent,90723,64,1.41,43.18,East
856,11.886736,78.654677,400528,3858,4,2,Apartment,Sale,122522,34,6.83,29.15,South
857,10.824094,77.044979,262788,3954,3,1,House,Rent,94135,25,8.85,5.33,South
858,8.251705,76.7722,258487,1982,3,4,House,Sale,92081,21,9.05,19.59,West
859,11.097075,79.035558,389498,3432,1,1,House,Rent,145310,50,9.91,9.72,North
860,10.818923,78.997684,216433,769,1,2,Apartment,Rent,38822,46,3.48,32.06,South
861,11.16321,77.938952,474934,933,4,2,Villa,Rent,36851,49,4.83,13.13,North
862,9.914008,78.182145,382221,2560,3,1,Villa,Sale,46787,52,8.92,15.84,East
863,10.266161,76.204961,417783,3408,1,3,Villa,Sale,51533,31,3.99,12.92,South
864,8.588166,77.826364,490588,3868,1,2,House,Sale,65958,53,2.73,44.02,East
865,9.192187,79.068202,166578,3545,1,3,Villa,Rent,33982,55,7.97,13.62,East
866,9.016493,77.391126,136509,1815,1,1,Apartment,Sale,69567,38,8.49,4.43,North
867,11.007407,79.854228,494654,1332,5,3,Apartment,Rent,48299,41,8.74,42.01,West
868,8.174815,76.488555,207165,737,3,1,House,Sale,112492,51,9.26,5.53,North
869,8.447485,76.427226,289495,1267,4,1,House,Sale,137076,26,3.03,15.4,West
870,8.655245,79.949403,344885,2994,1,2,Apartment,Rent,45592,31,5.16,8.87,North
871,10.00471,77.917541,111355,2349,5,1,Apartment,Sale,146982,32,8.96,4.21,North
872,9.627361,79.019977,353726,825,1,4,Villa,Rent,90167,23,4.39,22.41,North
873,9.513122,77.723888,364728,2868,3,4,House,Rent,27973,27,2.66,12.79,West
874,10.259322,78.016289,400027,3777,4,1,Apartment,Rent,69204,38,6.09,19.56,West
875,10.073595,79.471054,109451,2971,1,3,House,Rent,112221,33,6.46,29.81,North
876,8.099799,79.575138,183686,2636,4,4,Villa,Sale,56755,47,7.38,2.79,South
877,11.034985,76.296475,449370,3245,2,3,Villa,Sale,20533,69,1.32,12.76,North
878,10.087626,78.662394,351203,1145,5,2,Apartment,Rent,121175,70,8.75,34.09,West
879,11.857782,77.668913,98504,1661,3,3,Villa,Rent,24724,60,9.34,49.94,West
880,12.467706,77.712578,449239,1715,5,3,House,Sale,121098,42,1.13,4.38,West
881,9.435597,76.482014,117564,567,4,3,Apartment,Rent,147042,58,8.43,1.19,North
882,10.519368,78.002532,128881,3959,3,2,Apartment,Sale,100322,30,9.42,48.65,West
883,12.429932,78.840725,344152,2203,4,2,House,Rent,47365,37,5.58,41.12,West
884,12.337619,79.603424,124676,1474,5,3,Apartment,Sale,53264,60,7.99,21.02,North
885,10.246869,76.961821,422128,3406,2,4,House,Rent,85199,22,9.24,25.45,South
886,10.322254,77.059931,473402,2351,1,2,Apartment,Rent,85285,59,2.19,15.2,North
887,8.821054,76.42604,181867,897,3,3,House,Rent,99947,54,1.07,34.09,West
888,12.819599,76.102009,314992,2828,2,2,Apartment,Sale,97106,27,2.24,11.92,East
889,9.550754,79.260572,455057,2905,1,2,Villa,Rent,100773,61,7.18,36.66,South
890,12.495365,77.69791,260219,1465,4,4,Apartment,Sale,21351,41,7.25,8.65,South
891,9.814646,77.116416,271764,1343,1,1,House,Rent,123661,37,5.91,14.54,South
892,12.248362,78.543237,124819,1939,3,4,Apartment,Sale,106493,35,6.17,24.86,South
893,8.758803,79.171448,468326,1245,5,2,House,Rent,119377,56,6.01,44.98,North
894,9.866623,76.126532,292298,3322,2,2,Villa,Rent,45258,42,7.7,15.24,East
895,12.60344,78.626741,412870,3586,2,3,Villa,Sale,131794,57,5.49,38.51,West
896,9.60808,76.687651,381501,2287,1,2,House,Sale,112979,67,2.45,24.02,West
897,11.152543,76.587121,386995,3541,1,4,Villa,Rent,118448,53,8.6,43.68,South
898,12.877255,78.787183,376167,1085,3,1,Villa,Rent,55258,32,6.94,35.05,South
899,8.758877,78.469589,327055,2467,2,1,Villa,Rent,118599,63,2.03,28.85,North
900,12.629976,79.594619,472077,1125,5,1,Villa,Rent,113434,40,5.84,26.41,North
901,11.518463,77.101944,438429,3053,1,2,House,Rent,82878,35,6.07,42.13,North
902,12.96109,78.135775,291177,2976,5,1,House,Sale,126072,47,4.67,28.83,South
903,12.466184,77.746429,196495,2582,2,2,House,Sale,119877,60,3.85,33.14,South
904,8.257545,76.64892,362797,1404,1,4,House,Rent,147604,35,2.45,5.89,North
905,12.165411,77.948396,55460,1294,2,4,Apartment,Sale,65574,48,8.63,38.16,South
906,8.584584,78.442667,475971,3196,1,2,House,Rent,130550,38,6.87,32.27,West
907,12.026635,79.489908,289442,3416,3,3,House,Rent,28846,68,4.12,39.2,North
908,9.171753,78.562106,220400,1609,3,1,Villa,Rent,51282,44,9.13,11.63,North
909,8.896839,77.987638,404821,2189,5,4,House,Rent,90999,39,9.19,13.5,North
910,8.34174,77.764386,156290,3152,2,3,Apartment,Sale,102913,49,3.82,33.5,South
911,8.48171,76.070538,57137,2172,3,3,Villa,Rent,148979,28,3.41,15.45,South
912,11.232921,78.536478,110096,1181,4,4,House,Sale,85522,21,9.34,16.84,North
913,8.965813,79.578512,144122,784,1,1,Apartment,Sale,26002,65,9.97,4.64,South
914,9.13402,77.493131,324268,3596,2,1,Apartment,Rent,132332,23,7.07,4.35,North
915,10.450991,78.112872,469997,1084,5,1,Apartment,Sale,73692,37,2.8,6.06,North
916,8.14929,79.862832,87333,3194,1,3,House,Rent,149295,49,7.49,17.96,West
917,8.107948,79.326745,133889,615,5,4,Apartment,Sale,101882,34,3.53,40.73,West
918,11.464224,79.633411,359657,2689,5,3,Villa,Sale,120249,45,4.9,46.13,West
919,11.918189,79.839967,247497,1817,5,2,Apartment,Rent,78069,39,2.84,49.72,West
920,12.40873,78.062063,338943,3691,2,3,Villa,Rent,42175,52,4.91,10.96,South
921,9.951809,77.474987,497277,1823,5,2,Villa,Sale,31828,46,8.93,10.43,West
922,9.397548,77.181652,201045,651,5,1,House,Sale,81197,67,8.07,9.88,East
923,12.575094,76.855179,315371,2834,5,4,Villa,Rent,47764,55,2.45,37.71,West
924,8.292765,78.042845,295803,1297,5,1,House,Sale,137870,55,3.59,32.9,North
925,11.842291,78.755595,123619,2320,1,3,Apartment,Rent,64930,34,4.01,32.63,East
926,10.494766,77.300682,424721,1123,3,3,Apartment,Sale,70121,47,6.79,18.19,West
927,9.685449,77.069777,66007,1735,3,4,House,Sale,51955,50,9.68,13.81,West
928,9.786207,76.101015,274524,2522,5,2,Apartment,Sale,62807,46,2.62,14.07,West
929,9.197779,76.948483,238531,3931,3,1,Villa,Sale,139307,45,5.31,13.15,East
930,9.087166,79.552122,178379,3365,3,1,Villa,Rent,135001,40,1.52,30.26,East
931,11.864073,78.528204,224218,510,4,4,House,Rent,60698,46,3.36,47.24,East
932,12.916259,76.577314,448559,1725,3,3,House,Rent,125743,23,4.9,49.64,East
933,11.748448,76.769334,143968,2263,1,1,Villa,Sale,123796,70,4.56,11.48,East
934,11.565072,79.678108,105604,2414,4,1,House,Sale,106054,42,7.19,46.74,West
935,9.370224,78.716464,395992,720,5,3,Villa,Sale,87069,61,6.35,9.94,North
936,9.231086,76.523276,401129,2071,3,4,Apartment,Sale,91353,34,7.11,23.46,West
937,8.481976,76.843355,299931,1954,3,1,Villa,Sale,64517,60,7.34,4.57,West
938,9.360055,78.560466,63960,1561,2,1,Villa,Sale,54097,22,6.91,1.01,East
939,12.080176,76.650823,123450,2802,5,4,Villa,Sale,124266,63,6.61,49.39,South
940,12.343527,78.302775,254011,2112,3,3,Apartment,Rent,147136,25,5.98,27.32,East
941,11.811638,78.455172,428497,3807,1,4,Villa,Sale,60680,51,1.92,34.89,East
942,10.656182,77.384406,222333,1627,3,1,Apartment,Sale,121358,50,2.94,5.45,East
943,8.392998,77.608511,305346,1032,4,4,Villa,Rent,75587,23,6.01,40.92,South
944,9.663635,76.038681,210334,3810,4,3,Apartment,Sale,88605,62,1.01,39.87,East
945,11.512502,78.874893,72694,870,5,3,House,Sale,131594,39,5.4,12.55,South
946,12.264817,77.275359,330487,1310,2,1,House,Sale,74431,68,4.72,17.7,West
947,12.026706,77.581476,429888,2541,2,1,House,Rent,123362,24,8.68,15.13,South
948,8.312777,77.382732,498007,669,3,3,Apartment,Rent,107112,58,7.88,35.78,South
949,9.368377,77.593757,367060,3376,5,1,Apartment,Sale,52041,69,1.61,40.95,North
950,8.562557,77.361494,137404,3404,3,1,House,Rent,25667,49,6.77,22.18,East
951,12.407681,78.401464,115060,2766,2,1,House,Rent,27841,66,2.65,44.51,East
952,9.832443,76.493322,287910,2479,2,4,House,Sale,133362,52,5.49,19.05,North
953,8.804153,77.264393,108236,2452,2,3,Apartment,Sale,60155,21,8.56,18.97,East
954,8.413053,77.373381,354221,1547,3,1,Apartment,Sale,27414,22,8.4,5.51,West
955,8.452139,77.007607,201461,3937,5,1,House,Rent,73281,56,2.6,17.89,South
956,9.927782,76.428771,359312,3425,2,4,House,Sale,55163,45,2.85,22.89,West
957,11.459639,79.163292,61546,3292,5,4,House,Sale,82285,31,2.6,4.59,West
958,10.069621,76.628971,376750,900,5,1,Villa,Rent,108297,37,1.85,13.66,East
959,10.471811,77.292992,196770,1955,4,1,House,Rent,52444,63,4.71,40.09,South
960,9.304483,77.930581,396331,1050,1,2,Apartment,Sale,124943,47,7.13,24.49,South
961,11.845673,78.518616,303526,3268,2,2,House,Sale,115292,57,2.26,2.11,East
962,8.636095,79.383433,275776,3863,2,3,Apartment,Sale,55896,35,8.33,33.58,South
963,12.781374,79.382938,264133,2058,2,3,House,Rent,117753,28,1.42,34.25,North
964,12.407295,79.023695,265570,2049,3,1,Apartment,Sale,107221,51,9.08,3.07,West
965,11.690859,76.691578,340517,2569,4,3,House,Rent,26301,31,1.94,49.45,East
966,12.654145,79.481368,411417,3325,5,4,House,Rent,23659,32,1.71,27.81,West
967,12.08193,77.630049,176653,1911,1,3,Villa,Rent,31354,40,6.66,7.52,East
968,8.524446,77.147554,126922,2838,2,4,Apartment,Sale,66259,65,6.84,31.64,West
969,9.897114,78.183142,64000,1666,3,4,Apartment,Rent,126643,23,8.52,40.06,West
970,12.731277,77.461468,279555,3869,4,2,House,Rent,104318,66,4.44,43.25,West
971,8.161022,78.903395,184698,3637,2,1,Villa,Sale,29119,40,2.6,14.56,South
972,10.144633,77.835181,476622,2489,5,1,Apartment,Rent,24738,48,4.33,23.87,South
973,10.621212,76.753664,328224,2724,4,1,Villa,Rent,128600,57,2.8,32.17,South
974,11.630146,77.970816,179306,1272,3,4,House,Sale,54840,28,9.19,49.72,South
975,11.140074,77.592969,283424,3954,4,4,Apartment,Sale,25017,37,7.18,48.83,North
976,9.588002,79.55236,471490,1447,2,1,Villa,Sale,44317,23,7.73,22.03,East
977,11.024311,78.056968,114747,710,4,4,Villa,Sale,128559,45,7.07,31.29,West
978,8.997117,77.070328,107693,1422,5,2,Apartment,Sale,109800,70,4.01,19.12,North
979,9.024867,76.381973,128386,3681,5,1,Apartment,Sale,21696,40,2.3,2.56,East
980,10.475305,78.942408,153592,3576,3,2,House,Rent,70685,23,5.78,41.6,South
981,9.863148,77.163657,374988,722,4,3,House,Rent,21115,43,6.07,21.23,South
982,9.421961,79.633555,390918,2529,2,1,Villa,Sale,146377,43,8.68,16.47,South
983,8.042096,76.817698,209919,2869,3,1,Apartment,Sale,80968,24,8.79,23.48,North
984,12.677002,78.496424,167881,3755,4,4,Villa,Rent,40849,37,1.01,27.06,South
985,11.509506,76.800344,448552,1962,2,2,House,Rent,67401,39,1.08,48.14,South
986,10.314846,78.989284,327738,3270,1,3,House,Rent,42724,27,1.44,21.68,East
987,11.814644,77.386464,77070,623,3,3,Apartment,Rent,39156,25,2.88,32.44,North
988,10.943604,78.722502,76434,2524,5,3,Apartment,Sale,110145,59,5.16,44.21,West
989,8.582636,79.896899,365460,3331,5,2,Apartment,Rent,59750,42,3.22,41.28,East
990,9.885525,77.140897,225159,893,3,2,Apartment,Sale,95889,50,4.28,26.59,South
991,12.336698,78.173863,84259,3088,1,1,Apartment,Sale,81923,61,1.35,2.61,West
992,9.058731,77.529379,312238,3857,1,4,Villa,Rent,26288,44,3.81,14.75,East
993,8.697166,76.122743,63044,1268,5,4,House,Rent,100365,52,8.38,33.65,East
994,12.30135,77.292891,210385,1233,4,3,House,Sale,78750,56,2.96,21.65,West
995,9.767618,77.680221,238745,2602,1,1,Apartment,Sale,110903,25,3.36,18.33,West
996,11.675211,76.733252,464235,1583,2,1,House,Rent,129492,46,9.69,41.63,East
997,11.41987,76.35111,114125,1550,2,2,House,Rent,80166,46,6.81,15.71,West
998,10.837808,79.1356,141179,2046,5,3,Villa,Rent,145049,57,1.33,3.06,North
999,12.543993,76.475681,146410,1448,1,1,Apartment,Rent,72131,65,3.81,6.3,North
1000,8.470149,76.593443,356886,2638,5,2,Villa,Sale,134307,43,2.75,9.88,East
